,Neighborhood,Neighborhood Latitude,Neighborhood Longitude,Venue,Venue Latitude,Venue Longitude,Venue Category
0,Adarsh Nagar,28.614192499999998,77.0715411848447,Eagle Boys Pizza,28.615594896052958,77.07078355566608,Pizza Place
1,Adarsh Nagar,28.614192499999998,77.0715411848447,Bikanerwala,28.61339089253902,77.07608403328531,Indian Restaurant
2,Adarsh Nagar,28.614192499999998,77.0715411848447,Bikano East Patel Nagar,28.61619006774298,77.06697808475113,Fast Food Restaurant
3,Adarsh Nagar,28.614192499999998,77.0715411848447,McDonald's,28.61632984767444,77.06703429642255,Fast Food Restaurant
4,Ashok Vihar,28.6994533,77.1848256,Nat Khat Caterers,28.69963,77.187832,Indian Restaurant
5,Ashok Vihar,28.6994533,77.1848256,Bakers Stop,28.700494682046667,77.1887157051342,Bakery
6,Ashok Vihar,28.6994533,77.1848256,Invitation Banquet,28.696018214387546,77.18595287338057,Diner
7,Ashok Vihar,28.6994533,77.1848256,Gola Northend,28.70124229892223,77.18928847927491,Indian Restaurant
8,Azadpur,28.707656800000002,77.1755473,jungrele,28.705655,77.172069,Argentinian Restaurant
9,Azadpur,28.707656800000002,77.1755473,Moti Dhaba,28.710008293100113,77.17168845082367,Indian Restaurant
10,Azadpur,28.707656800000002,77.1755473,Cafe Coffee Day Fortis Shalimar Bagh,28.71044637297854,77.17905674441728,Café
11,Azadpur,28.707656800000002,77.1755473,Tulip Banquet,28.704523114843575,77.17244102614772,Restaurant
12,Keshav Puram,28.688926399999996,77.16168329999999,Meriton Redtraunt,28.690401358461123,77.16029814729266,Indian Restaurant
13,Keshav Puram,28.688926399999996,77.16168329999999,Kings,28.688909,77.159428,Gastropub
14,Keshav Puram,28.688926399999996,77.16168329999999,Sonu De Chole Kulche,28.68992570480682,77.16438148307688,Food Truck
15,Keshav Puram,28.688926399999996,77.16168329999999,Cafe Coffee Day,28.692503,77.159449,Café
16,Keshav Puram,28.688926399999996,77.16168329999999,The Master Bakers,28.688380959062783,77.16642590667539,Bakery
17,Kohat Enclave,28.6980415,77.14053929999999,Peshawari,28.699011895277625,77.13901984954316,Indian Restaurant
18,Kohat Enclave,28.6980415,77.14053929999999,Bharat Sweets,28.699292251663586,77.13976139578541,Food
19,Kohat Enclave,28.6980415,77.14053929999999,Bobby Punjabi Rasoi,28.699221619630976,77.13939624101461,Indian Restaurant
20,Kohat Enclave,28.6980415,77.14053929999999,Sita Ram Diwan Chand Chhole Bhature,28.700147505686903,77.14156468219393,Indian Restaurant
21,Kohat Enclave,28.6980415,77.14053929999999,Sankalp Restaurant,28.6999894240829,77.13750958442688,Indian Restaurant
22,Kohat Enclave,28.6980415,77.14053929999999,Puran Chand,28.69919510603743,77.1370030451734,Indian Restaurant
23,Kohat Enclave,28.6980415,77.14053929999999,"BIG BAKE, Pitampura, Delhi",28.700069870269402,77.13697495573547,Bakery
24,Kohat Enclave,28.6980415,77.14053929999999,Bikanervala,28.694739687419798,77.14291853351878,Food Court
25,Pitam Pura,28.703267600000004,77.1322497,Angrezee Dhaba,28.702591666686796,77.1338120427639,Indian Restaurant
26,Pitam Pura,28.703267600000004,77.1322497,Sagar Ratna,28.702969169565776,77.13246370626295,Indian Restaurant
27,Pitam Pura,28.703267600000004,77.1322497,giri momos centre,28.701705,77.133871,Fried Chicken Joint
28,Pitam Pura,28.703267600000004,77.1322497,Five star dhaba,28.700666427612305,77.13612365722656,Indian Restaurant
29,Rani Bagh,28.6859821,77.13252446991609,Berco's,28.68870103002682,77.13517159999057,Chinese Restaurant
30,Rani Bagh,28.6859821,77.13252446991609,The Good Food Cafe,28.68828560558589,77.13519407188082,Fast Food Restaurant
31,Rani Bagh,28.6859821,77.13252446991609,CCD,28.68971884044455,77.13463227335599,Café
32,Rani Bagh,28.6859821,77.13252446991609,BTW Food Court,28.689555,77.135137,Indian Restaurant
33,Rithala,28.7208064,77.1071813,Mosaic,28.720531559662774,77.11012967123072,Restaurant
34,Shakti Nagar,28.67979,77.1949142,Vikrant Cafe,28.68063645688435,77.1977955341845,Café
35,Shakti Nagar,28.67979,77.1949142,"KFC, Bunglow Road",28.680783561127345,77.19794713952676,Fried Chicken Joint
36,Shakti Nagar,28.67979,77.1949142,Bombay Bhel House,28.681671427591535,77.1989522218899,Snack Place
37,Shakti Nagar,28.67979,77.1949142,Chowringhee,28.681128752641524,77.1903497887545,Indian Restaurant
38,Bara Hindu Rao,28.659518100000003,77.20501,Al Naseem Food,28.660903,77.206671,Afghan Restaurant
39,Bara Hindu Rao,28.659518100000003,77.20501,Anmol Chicken Corner,28.661401304114374,77.20702626124042,Afghan Restaurant
40,Bara Hindu Rao,28.659518100000003,77.20501,Pancham Chole Kulche,28.6570239,77.20371,Snack Place
41,Bara Hindu Rao,28.659518100000003,77.20501,Kamal Sweets,28.659733,77.209043,Indian Restaurant
42,Chandni Chowk,28.6434826,77.22274209999999,KFC,28.644982021197148,77.22350390164345,Fast Food Restaurant
43,Chandni Chowk,28.6434826,77.22274209999999,KFC,28.641804550179593,77.21909137541454,Fast Food Restaurant
44,Chandni Chowk,28.6434826,77.22274209999999,Comesum - The Food Junction,28.642845893918626,77.22303795563867,Food Court
45,Chandni Chowk,28.6434826,77.22274209999999,Khan Market,28.642219571401565,77.21831102602113,Chinese Restaurant
46,Chawri Bazaar,28.649926899999997,77.2297876,Karim's | करीम | کریم (Karim's),28.64949759295152,77.2336908547362,Indian Restaurant
47,Chawri Bazaar,28.649926899999997,77.2297876,Shyam Sweets,28.65053027754531,77.23030274534305,Snack Place
48,Chawri Bazaar,28.649926899999997,77.2297876,Al Jawahar | अल जवाहर | امام جواہر,28.649608846249652,77.23355530889293,Indian Restaurant
49,Chawri Bazaar,28.649926899999997,77.2297876,Aslam Chicken Corner,28.648283325082538,77.23364759564103,Indian Restaurant
50,Chawri Bazaar,28.649926899999997,77.2297876,ashok chat,28.649350624381324,77.22700124489958,Fast Food Restaurant
51,Civil Lines,28.676857199999997,77.2250565,moets,28.678014772437493,77.2247389303534,Chinese Restaurant
52,Civil Lines,28.676857199999997,77.2250565,The Embassy,28.676555564617807,77.2249690933671,Indian Restaurant
53,Civil Lines,28.676857199999997,77.2250565,1 UP,28.676463415350646,77.22515434619861,Italian Restaurant
54,Civil Lines,28.676857199999997,77.2250565,Best Of Asia Village,28.676904,77.225201,Asian Restaurant
55,Civil Lines,28.676857199999997,77.2250565,The Lounge,28.675218903882744,77.22730725930253,Café
56,Civil Lines,28.676857199999997,77.2250565,Fast Trax,28.68014665360787,77.22328496338821,Burger Joint
57,Dariba Kalan,28.654602399999998,77.2333794,Haldiram's,28.656288944079645,77.23170543090595,Snack Place
58,Dariba Kalan,28.654602399999998,77.2333794,Babu Ram Paranthe Wale,28.655820126621173,77.23044812679291,Indian Restaurant
59,Dariba Kalan,28.654602399999998,77.2333794,Parawthe Wale,28.65603318700734,77.23050001546382,Indian Restaurant
60,Dariba Kalan,28.654602399999998,77.2333794,McDonald's,28.656161882924813,77.23420838244962,Fast Food Restaurant
61,Dariba Kalan,28.654602399999998,77.2333794,Natraj | नटराज,28.656357336560394,77.23058723790143,Snack Place
62,Dariba Kalan,28.654602399999998,77.2333794,Pt. Gaya Prasad Shiv Charan Paranthewale | पंडित गया प्रसाद शिव चरण परांठे वाले,28.656027192178698,77.23043753835134,Indian Restaurant
63,Dariba Kalan,28.654602399999998,77.2333794,Wah Ji Wah,28.656298858067792,77.23308064958253,Vegetarian / Vegan Restaurant
64,Dariba Kalan,28.654602399999998,77.2333794,Old Famous Jalebi Waala,28.6560115814209,77.23360443115234,Indian Restaurant
65,Dariba Kalan,28.654602399999998,77.2333794,Pt. Kanhaiya Lal Durga Prashad Dixit Parawthe Wala,28.656108981032254,77.2304648037729,Indian Restaurant
66,Dariba Kalan,28.654602399999998,77.2333794,Ganga Bhojnayala,28.6561928700265,77.2304423499098,Indian Restaurant
67,Kamla Nagar,28.68034425,77.20212920033049,Bille Di Hatti | बिल्ले दी हट्टी,28.681587650228284,77.20171940298643,Breakfast Spot
68,Kamla Nagar,28.68034425,77.20212920033049,Mad Over Donuts,28.680756979848095,77.20388888228172,Donut Shop
69,Kamla Nagar,28.68034425,77.20212920033049,Chicago Pizza,28.681589774555057,77.20320224761963,Pizza Place
70,Kamla Nagar,28.68034425,77.20212920033049,Gopal Sweets,28.682659955224068,77.19966531984826,Breakfast Spot
71,Kamla Nagar,28.68034425,77.20212920033049,Chache Di Hatti | चाचे दी हट्टी,28.68222280150934,77.20586403776046,Indian Restaurant
72,Kamla Nagar,28.68034425,77.20212920033049,Bittu Tikki Walla (BTW),28.682185677994145,77.20255697229456,Indian Restaurant
73,Kamla Nagar,28.68034425,77.20212920033049,Vaishnav Chaat Bhandaar,28.682600863476072,77.20336549937728,Restaurant
74,Kamla Nagar,28.68034425,77.20212920033049,Momo's Point,28.681478582954096,77.20706679573026,Chinese Restaurant
75,Kamla Nagar,28.68034425,77.20212920033049,Sharma Kachodi Waaley,28.68243182992799,77.19931719382215,Breakfast Spot
76,Kamla Nagar,28.68034425,77.20212920033049,"KFC, Bunglow Road",28.680783561127345,77.19794713952676,Fried Chicken Joint
77,Kamla Nagar,28.68034425,77.20212920033049,Ved Dhaba,28.67782434552527,77.20548092093907,Indian Restaurant
78,Kashmiri Gate,28.6699765,77.2320588,Domino's Pizza,28.668,77.228,Pizza Place
79,Kashmiri Gate,28.6699765,77.2320588,Zomsa Restaurant,28.672825,77.231288,Tibetan Restaurant
80,Kashmiri Gate,28.6699765,77.2320588,Nirula's Express (Kashmiri Gate Metro Station),28.6679220096324,77.22910633736561,Fast Food Restaurant
81,Kashmiri Gate,28.6699765,77.2320588,Comesum,28.667914839291825,77.227916263037,Fast Food Restaurant
82,Kashmiri Gate,28.6699765,77.2320588,McDonald's,28.667987929894792,77.22909511030537,American Restaurant
83,Kotwali,28.6585978,77.2310844,Haldiram's,28.656288944079645,77.23170543090595,Snack Place
84,Kotwali,28.6585978,77.2310844,Babu Ram Paranthe Wale,28.655820126621173,77.23044812679291,Indian Restaurant
85,Kotwali,28.6585978,77.2310844,Parawthe Wale,28.65603318700734,77.23050001546382,Indian Restaurant
86,Kotwali,28.6585978,77.2310844,McDonald's,28.661166313684927,77.22759628817572,Fast Food Restaurant
87,Kotwali,28.6585978,77.2310844,Natraj | नटराज,28.656357336560394,77.23058723790143,Snack Place
88,Kotwali,28.6585978,77.2310844,McDonald's,28.656161882924813,77.23420838244962,Fast Food Restaurant
89,Kotwali,28.6585978,77.2310844,McDonald's,28.66128895525179,77.22716404005617,Fast Food Restaurant
90,Kotwali,28.6585978,77.2310844,Pt. Gaya Prasad Shiv Charan Paranthewale | पंडित गया प्रसाद शिव चरण परांठे वाले,28.656027192178698,77.23043753835134,Indian Restaurant
91,Kotwali,28.6585978,77.2310844,Ganga Bhojnayala,28.6561928700265,77.2304423499098,Indian Restaurant
92,Kotwali,28.6585978,77.2310844,Pt. Kanhaiya Lal Durga Prashad Dixit Parawthe Wala,28.656108981032254,77.2304648037729,Indian Restaurant
93,Kotwali,28.6585978,77.2310844,Wah Ji Wah,28.656298858067792,77.23308064958253,Vegetarian / Vegan Restaurant
94,Kotwali,28.6585978,77.2310844,Old Famous Jalebi Waala,28.6560115814209,77.23360443115234,Indian Restaurant
95,Kotwali,28.6585978,77.2310844,Comesum,28.660668497816566,77.22781022853489,Restaurant
96,Lahori Gate,28.6568411,77.2185339,Kake Di Hatti | काके दी हट्टी,28.658049584701654,77.2233770564683,Indian Restaurant
97,Lahori Gate,28.6568411,77.2185339,Gole hatti,28.657232243273103,77.22283024417678,Snack Place
98,Lahori Gate,28.6568411,77.2185339,Chaina Ram,28.656678715293765,77.22340846706928,Indian Restaurant
99,Lahori Gate,28.6568411,77.2185339,Chainaram,28.656618058740026,77.22347583265906,Snack Place
100,Nehru Vihar,28.7107447,77.2211743767233,Wah ji wah,28.71095,77.217697,Snack Place
101,Nehru Vihar,28.7107447,77.2211743767233,Birdy's Bakery & Patisserie,28.710996,77.217677,Bakery
102,Paharganj,28.641925800000003,77.2217499,KFC,28.641804550179593,77.21909137541454,Fast Food Restaurant
103,Paharganj,28.641925800000003,77.2217499,KFC,28.644982021197148,77.22350390164345,Fast Food Restaurant
104,Paharganj,28.641925800000003,77.2217499,Comesum - The Food Junction,28.642845893918626,77.22303795563867,Food Court
105,Paharganj,28.641925800000003,77.2217499,Khan Market,28.642219571401565,77.21831102602113,Chinese Restaurant
106,Pratap Nagar,28.666717699999996,77.1988974,dominoz pizza,28.668300094067558,77.19959794069725,Pizza Place
107,Roshanara Bagh,28.67371835,77.1993197797392,Tikka Shikka & More,28.675907,77.19806,Indian Restaurant
108,Sant Nagar,28.64641805,77.091188355569,Mad Over Donuts,28.6454398758967,77.09256649017334,Donut Shop
109,Sant Nagar,28.64641805,77.091188355569,Cup Cake Radisson Blu,28.646223268191726,77.0869596796507,Bakery
110,Sarai Kale Khan,28.586626300000002,77.25622817914692,Comesum - The Food Junction,28.58970528985822,77.253211613099,Food Court
111,Sarai Kale Khan,28.586626300000002,77.25622817914692,Aggarwal Sweets,28.588445460270076,77.25399410204483,Fast Food Restaurant
112,Sarai Kale Khan,28.586626300000002,77.25622817914692,Taste Triangle,28.589354644136055,77.25619733333588,Restaurant
113,Shakti Nagar,28.67979,77.1949142,Vikrant Cafe,28.68063645688435,77.1977955341845,Café
114,Shakti Nagar,28.67979,77.1949142,"KFC, Bunglow Road",28.680783561127345,77.19794713952676,Fried Chicken Joint
115,Shakti Nagar,28.67979,77.1949142,Bombay Bhel House,28.681671427591535,77.1989522218899,Snack Place
116,Shakti Nagar,28.67979,77.1949142,Chowringhee,28.681128752641524,77.1903497887545,Indian Restaurant
117,Timarpur,28.70126285,77.218679536312,Le Bistrot - Cuisine Et Culture Francaises,28.70288439121257,77.22189273114216,French Restaurant
118,Wazirabad,28.433761999999998,77.0877572,Indian Chopsticks,28.434277154347548,77.0841158071834,Snack Place
119,Dilshad Garden,28.680681899999996,77.3220645,The Riding Guns,28.682453874882633,77.32171555522403,Café
120,Dilshad Garden,28.680681899999996,77.3220645,M.K Confectionery,28.682647981763626,77.32361764305267,Indian Restaurant
121,Dilshad Garden,28.680681899999996,77.3220645,Govind dhaba,28.68074744121501,77.31901193674754,Indian Restaurant
122,Dilshad Garden,28.680681899999996,77.3220645,tandoor point,28.681961564185634,77.31793642044067,Indian Restaurant
123,Dilshad Garden,28.680681899999996,77.3220645,Bikanerwala,28.676457424940846,77.3214294906717,Fast Food Restaurant
124,Naveen Shahdara,28.6773386,77.28601570000001,Morning Corner,28.679894,77.287361,Breakfast Spot
125,Naveen Shahdara,28.6773386,77.28601570000001,Halidrams,28.675918373532753,77.29012643226184,Vegetarian / Vegan Restaurant
126,Naveen Shahdara,28.6773386,77.28601570000001,New Shahi Food Corner,28.676237,77.29045,Dhaba
127,Shahdara,28.6773038,77.2903467,New Shahi Food Corner,28.676237,77.29045,Dhaba
128,Shahdara,28.6773038,77.2903467,Halidrams,28.675918373532753,77.29012643226184,Vegetarian / Vegan Restaurant
129,Shahdara,28.6773038,77.2903467,Morning Corner,28.679894,77.287361,Breakfast Spot
130,Yamuna Vihar,28.700371999999998,77.2727728,Anand Sagar Sweets,28.702434,77.272368,North Indian Restaurant
131,Yamuna Vihar,28.700371999999998,77.2727728,waho tenzin restaurant,28.70254709410317,77.27057179919953,Dumpling Restaurant
132,Chandni Chowk,28.6434826,77.22274209999999,KFC,28.644982021197148,77.22350390164345,Fast Food Restaurant
133,Chandni Chowk,28.6434826,77.22274209999999,KFC,28.641804550179593,77.21909137541454,Fast Food Restaurant
134,Chandni Chowk,28.6434826,77.22274209999999,Comesum - The Food Junction,28.642845893918626,77.22303795563867,Food Court
135,Chandni Chowk,28.6434826,77.22274209999999,Khan Market,28.642219571401565,77.21831102602113,Chinese Restaurant
136,Daryaganj,28.64609,77.243048,Moti Mahal,28.646522533312474,77.24014482739257,Indian Restaurant
137,Daryaganj,28.64609,77.243048,Changezi Chicken,28.64375143292846,77.24048581691957,Indian Restaurant
138,Daryaganj,28.64609,77.243048,Prince Paan,28.64654643631263,77.24017008593643,Restaurant
139,Daryaganj,28.64609,77.243048,Zaika,28.643592,77.240437,Restaurant
140,Jhandewalan,28.644336300000003,77.1999274,Cafe Coffee Day,28.643952191167546,77.20161437988281,Café
141,Jhandewalan,28.644336300000003,77.1999274,Pick Fresh Fish,28.64585446422045,77.2008219892982,Fish & Chips Shop
142,Jhandewalan,28.644336300000003,77.1999274,New Gupta dhaba,28.646063,77.203224,Indian Restaurant
143,Jhandewalan,28.644336300000003,77.1999274,Adyar Ananda Bhavan,28.646482273114767,77.19564496343975,Indian Restaurant
144,Karol Bagh,28.652998200000003,77.18902270000001,Om corner,28.65409021041357,77.18995671227675,Snack Place
145,Karol Bagh,28.652998200000003,77.18902270000001,Om Baturawale,28.65407089920115,77.19029925042321,Indian Restaurant
146,Karol Bagh,28.652998200000003,77.18902270000001,Peshawari chicken corner,28.654485368886654,77.19037225022818,Fried Chicken Joint
147,Karol Bagh,28.652998200000003,77.18902270000001,Sindhi tikki corner,28.655118727083533,77.19097137451172,Snack Place
148,Karol Bagh,28.652998200000003,77.18902270000001,Mame di hatti,28.655618897199865,77.18771053598647,Indian Restaurant
149,Karol Bagh,28.652998200000003,77.18902270000001,Standard Sweets,28.650951960946,77.1923825348925,Snack Place
150,Bara Hindu Rao,28.659518100000003,77.20501,Al Naseem Food,28.660903,77.206671,Afghan Restaurant
151,Bara Hindu Rao,28.659518100000003,77.20501,Anmol Chicken Corner,28.661401304114374,77.20702626124042,Afghan Restaurant
152,Bara Hindu Rao,28.659518100000003,77.20501,Pancham Chole Kulche,28.6570239,77.20371,Snack Place
153,Bara Hindu Rao,28.659518100000003,77.20501,Kamal Sweets,28.659733,77.209043,Indian Restaurant
154,Paharganj,28.641925800000003,77.2217499,KFC,28.641804550179593,77.21909137541454,Fast Food Restaurant
155,Paharganj,28.641925800000003,77.2217499,KFC,28.644982021197148,77.22350390164345,Fast Food Restaurant
156,Paharganj,28.641925800000003,77.2217499,Comesum - The Food Junction,28.642845893918626,77.22303795563867,Food Court
157,Paharganj,28.641925800000003,77.2217499,Khan Market,28.642219571401565,77.21831102602113,Chinese Restaurant
158,Barakhamba Road,28.6291417,77.22614890000001,Tamasha,28.629663327072745,77.22183483476593,Gastropub
159,Barakhamba Road,28.6291417,77.22614890000001,Bijoli grill,28.625904830707178,77.22576623984962,Indian Restaurant
160,Barakhamba Road,28.6291417,77.22614890000001,Chew,28.632001527203066,77.22270642208512,Asian Restaurant
161,Barakhamba Road,28.6291417,77.22614890000001,Garam Dharam,28.631842130012696,77.2227521244348,North Indian Restaurant
162,Connaught Place,28.6313827,77.21979240000002,Rajdhani Thali,28.62999946326596,77.2204011327264,Indian Restaurant
163,Connaught Place,28.6313827,77.21979240000002,Farzi Cafe,28.632580798842707,77.22112484247755,Molecular Gastronomy Restaurant
164,Connaught Place,28.6313827,77.21979240000002,Wenger's,28.633411895746676,77.21829192902194,Bakery
165,Connaught Place,28.6313827,77.21979240000002,Chaayos,28.631628538643216,77.22036426182864,Café
166,Connaught Place,28.6313827,77.21979240000002,Barbeque Nation,28.63025338767433,77.22098501777461,BBQ Joint
167,Connaught Place,28.6313827,77.21979240000002,Johnny Rockets,28.630457,77.219594,Bistro
168,Connaught Place,28.6313827,77.21979240000002,United Coffee House,28.63247672337289,77.2211199789975,Indian Restaurant
169,Connaught Place,28.6313827,77.21979240000002,Pind Balluchi,28.630318339248806,77.21760032761195,North Indian Restaurant
170,Connaught Place,28.6313827,77.21979240000002,Jain Chawal Wale,28.631328358375647,77.21617205630533,Food Truck
171,Connaught Place,28.6313827,77.21979240000002,HOTEL SARAVANA BHAVAN,28.632319466435003,77.21644531748599,South Indian Restaurant
172,Connaught Place,28.6313827,77.21979240000002,Tamasha,28.629663327072745,77.22183483476593,Gastropub
173,Connaught Place,28.6313827,77.21979240000002,Khan Chacha | खान चाचा | خان چاچا,28.634202294199614,77.22077980678422,Indian Restaurant
174,Connaught Place,28.6313827,77.21979240000002,Nando's,28.630946673402416,77.21972076414269,Portuguese Restaurant
175,Connaught Place,28.6313827,77.21979240000002,Wenger's Deli,28.633657990718326,77.21813923616,Deli / Bodega
176,Connaught Place,28.6313827,77.21979240000002,Berco's,28.63240704948879,77.2173230839724,Chinese Restaurant
177,Connaught Place,28.6313827,77.21979240000002,Dunkin',28.630181868375203,77.21962210391595,Donut Shop
178,Connaught Place,28.6313827,77.21979240000002,Immigrants Project - A Cafe in History,28.634055048338602,77.21886681496603,Café
179,Connaught Place,28.6313827,77.21979240000002,Nizam's Kathi Kabab | निजा़म काठी कबाब,28.634857957123064,77.21946245007211,Indian Restaurant
180,Connaught Place,28.6313827,77.21979240000002,Odeon Social,28.634414197963707,77.22093550978948,Café
181,Connaught Place,28.6313827,77.21979240000002,Sagar Ratna,28.635487253836967,77.22064969494076,Indian Restaurant
182,Connaught Place,28.6313827,77.21979240000002,Warehouse Cafe,28.63372638697029,77.22102407638606,Café
183,Connaught Place,28.6313827,77.21979240000002,Chew,28.632001527203066,77.22270642208512,Asian Restaurant
184,Connaught Place,28.6313827,77.21979240000002,Fresc Co,28.628415028106655,77.21954938989002,Italian Restaurant
185,Connaught Place,28.6313827,77.21979240000002,Burger King,28.632828449172408,77.22132551263886,Fast Food Restaurant
186,Connaught Place,28.6313827,77.21979240000002,Costa Coffee,28.63173491632254,77.21840646471269,Café
187,Connaught Place,28.6313827,77.21979240000002,Smoke House Deli,28.633764,77.221405,Deli / Bodega
188,Connaught Place,28.6313827,77.21979240000002,McDonald’s,28.630025692987704,77.21992785933003,Fast Food Restaurant
189,Connaught Place,28.6313827,77.21979240000002,Panchayat Paan Parlour,28.634073264989183,77.22264498769991,Indian Restaurant
190,Connaught Place,28.6313827,77.21979240000002,Kwality Restaurant,28.629743645035568,77.21743130219578,Indian Restaurant
191,Connaught Place,28.6313827,77.21979240000002,McDonald's,28.632365736814616,77.21648256126124,Fast Food Restaurant
192,Connaught Place,28.6313827,77.21979240000002,"Zen Chinese, Connaught Place",28.633657822271832,77.21949493258369,Chinese Restaurant
193,Connaught Place,28.6313827,77.21979240000002,Anand Biryani House,28.62913638616433,77.22012996193826,Indian Restaurant
194,Connaught Place,28.6313827,77.21979240000002,Garam Dharam,28.631842130012696,77.2227521244348,North Indian Restaurant
195,Connaught Place,28.6313827,77.21979240000002,Shake square,28.6334059730543,77.218759059906,Café
196,Connaught Place,28.6313827,77.21979240000002,Haldiram's,28.63422999171808,77.22233494432798,Indian Restaurant
197,Connaught Place,28.6313827,77.21979240000002,Ignis,28.634227230587555,77.21880056952878,Asian Restaurant
198,Connaught Place,28.6313827,77.21979240000002,McDonald's,28.63181064699223,77.21968645853941,Fast Food Restaurant
199,Connaught Place,28.6313827,77.21979240000002,Comesum,28.632658004760742,77.21968841552734,Snack Place
200,Connaught Place,28.6313827,77.21979240000002,Veda Restaurant,28.635210214696645,77.21807926655758,Indian Restaurant
201,Connaught Place,28.6313827,77.21979240000002,Domino's Pizza,28.630146349155968,77.21972800195404,Pizza Place
202,Connaught Place,28.6313827,77.21979240000002,Japanese Fuji Restaurant,28.63309875268639,77.2221218013156,Japanese Restaurant
203,Connaught Place,28.6313827,77.21979240000002,Side Wok,28.632907157973833,77.21633720556096,Chinese Restaurant
204,Connaught Place,28.6313827,77.21979240000002,Kake-Da-Hotel,28.634710714433357,77.22201573164016,Indian Restaurant
205,Connaught Place,28.6313827,77.21979240000002,Punjabi by Nature Quickie,28.630863493093397,77.21977972293753,North Indian Restaurant
206,Connaught Place,28.6313827,77.21979240000002,Fa Yian,28.632793282499158,77.21718821209873,Chinese Restaurant
207,Connaught Place,28.6313827,77.21979240000002,Caffe Tonino,28.634838109035744,77.21954257426843,Italian Restaurant
208,Connaught Place,28.6313827,77.21979240000002,Depauls Cold Coffee,28.629033883785702,77.21866616564309,Café
209,Connaught Place,28.6313827,77.21979240000002,McDonald's,28.634081907973634,77.21920575361753,Fast Food Restaurant
210,Connaught Place,28.6313827,77.21979240000002,Indian Coffee House,28.630755930400426,77.21605434631832,Café
211,Connaught Place,28.6313827,77.21979240000002,Domino's Pizza,28.63330076041656,77.22279585941382,Pizza Place
212,Connaught Place,28.6313827,77.21979240000002,Pizza Hut,28.627635403478834,77.21949903789485,Pizza Place
213,Connaught Place,28.6313827,77.21979240000002,Minar,28.63475114674571,77.22197132533496,Indian Restaurant
214,Connaught Place,28.6313827,77.21979240000002,FIRE,28.628737183341777,77.21649767623988,Indian Restaurant
215,Connaught Place,28.6313827,77.21979240000002,MIST,28.628720062553807,77.21629222049741,Italian Restaurant
216,Connaught Place,28.6313827,77.21979240000002,Gola Sizzlers,28.63518246137902,77.21985990076243,BBQ Joint
217,Connaught Place,28.6313827,77.21979240000002,Biryani Paradise,28.631388,77.216448,Hyderabadi Restaurant
218,Connaught Place,28.6313827,77.21979240000002,Lady Baga,28.631674,77.21623,Restaurant
219,Connaught Place,28.6313827,77.21979240000002,Caffe9,28.632799163931764,77.21655943164352,Indian Restaurant
220,Connaught Place,28.6313827,77.21979240000002,G,28.63127367409223,77.21608784410734,Indian Restaurant
221,Connaught Place,28.6313827,77.21979240000002,Fifty9,28.63380617562755,77.21719382619487,Restaurant
222,Connaught Place,28.6313827,77.21979240000002,SIDEWOK,28.63290564755596,77.21640223600714,Chinese Restaurant
223,Connaught Place,28.6313827,77.21979240000002,The Great Kabab Factory,28.633825870064385,77.21708715832257,Indian Restaurant
224,Connaught Place,28.6313827,77.21979240000002,China Garden,28.634342320913373,77.2173903193919,Chinese Restaurant
225,Connaught Place,28.6313827,77.21979240000002,"Hira Sweets, CP",28.635157468979756,77.21998961294145,Diner
226,Connaught Place,28.6313827,77.21979240000002,The Darzi Bar & Kitchen,28.635185,77.219436,Multicuisine Indian Restaurant
227,Connaught Place,28.6313827,77.21979240000002,Pioneer's Flavour of China,28.6351857217094,77.21940279006958,Chinese Restaurant
228,Connaught Place,28.6313827,77.21979240000002,Zizo,28.635219893759988,77.22000084086731,Falafel Restaurant
229,Connaught Place,28.6313827,77.21979240000002,Sandoz CP,28.632894,77.215702,North Indian Restaurant
230,Connaught Place,28.6313827,77.21979240000002,Flavours Of China,28.634668,77.217381,Chinese Restaurant
231,Gole Market,28.63371865,77.20562662098209,Kaleva,28.63329860331272,77.20848838202599,Snack Place
232,Gole Market,28.63371865,77.20562662098209,Sakura,28.631309565114773,77.20810381213869,Japanese Restaurant
233,Gole Market,28.63371865,77.20562662098209,Nirula's,28.63370597807373,77.20598755963846,Fast Food Restaurant
234,Gole Market,28.63371865,77.20562662098209,Sarvam Safari,28.63202765487053,77.20744735388764,Indian Restaurant
235,Gole Market,28.63371865,77.20562662098209,Bangla Pastry Shop,28.633422028500565,77.20873869532988,Bakery
236,Gole Market,28.63371865,77.20562662098209,Zing,28.631567710194368,77.20782914325949,Café
237,Gole Market,28.63371865,77.20562662098209,Chutney,28.631366836432466,77.20805372466756,Indian Restaurant
238,Gole Market,28.63371865,77.20562662098209,Bangla Sweet & Spice restaurant,28.633858,77.20947,Bengali Restaurant
239,INA Colony,28.5794721,77.21245079999998,Dosa Junction,28.57717480245098,77.21052970643788,South Indian Restaurant
240,INA Colony,28.5794721,77.21245079999998,Gol Gappe Chaat Corner,28.5819,77.21596,Food Stand
241,Khan Market,28.6001354,77.22649064087359,The Big Chill Cafe,28.60068629868818,77.22763621585838,Italian Restaurant
242,Khan Market,28.6001354,77.22649064087359,SODABOTTLEOPENERWALA,28.600140869804918,77.22627303643019,Irani Cafe
243,Khan Market,28.6001354,77.22649064087359,L'Opera,28.599784379249712,77.2261441150033,Café
244,Khan Market,28.6001354,77.22649064087359,Smoke House Deli,28.599850091754014,77.22689969233812,French Restaurant
245,Khan Market,28.6001354,77.22649064087359,Perch,28.599987403620787,77.22634986618046,Café
246,Khan Market,28.6001354,77.22649064087359,Khan Chacha,28.600618250461434,77.22723729363604,Indian Restaurant
247,Khan Market,28.6001354,77.22649064087359,La Vie,28.600448608398438,77.2269515991211,Mediterranean Restaurant
248,Khan Market,28.6001354,77.22649064087359,Mamagoto,28.60046944516079,77.22727179033413,Chinese Restaurant
249,Khan Market,28.6001354,77.22649064087359,Yellow Brick Road,28.601884437159832,77.22929799913159,Restaurant
250,Khan Market,28.6001354,77.22649064087359,The Blue Door Cafe,28.600067825914692,77.22658165186408,Café
251,Khan Market,28.6001354,77.22649064087359,Cafe Turtle,28.60015919868491,77.22723799043102,Café
252,Khan Market,28.6001354,77.22649064087359,Smokeys BBQ & Grill,28.600465001178822,77.22713597194173,BBQ Joint
253,Khan Market,28.6001354,77.22649064087359,Town Hall,28.60018041926928,77.22695399681457,Asian Restaurant
254,Khan Market,28.6001354,77.22649064087359,The Chatter House,28.600297741949557,77.22706055353349,Café
255,Khan Market,28.6001354,77.22649064087359,Wok In The Clouds,28.600501884081112,77.22722973943226,Indian Restaurant
256,Khan Market,28.6001354,77.22649064087359,La Bodega,28.60027598302998,77.22765266060333,Mexican Restaurant
257,Khan Market,28.6001354,77.22649064087359,The Coffee Bean And Tea Leaf,28.600190716579885,77.22678658420796,Café
258,Khan Market,28.6001354,77.22649064087359,Choko La,28.600138794487933,77.22644666913693,Food
259,Khan Market,28.6001354,77.22649064087359,Sidewok,28.600765667334848,77.22701344517577,Asian Restaurant
260,Khan Market,28.6001354,77.22649064087359,Subway,28.5995844497909,77.22618510662795,Sandwich Place
261,Khan Market,28.6001354,77.22649064087359,Latitude 28,28.59958791933262,77.2264117137863,Café
262,Khan Market,28.6001354,77.22649064087359,McDonald's,28.600607925464374,77.22778777419222,Fast Food Restaurant
263,Khan Market,28.6001354,77.22649064087359,Cafe Coffee Day,28.59980834776502,77.22675299743563,Café
264,Khan Market,28.6001354,77.22649064087359,Barcelos,28.600379573312342,77.2270068585294,Portuguese Restaurant
265,Khan Market,28.6001354,77.22649064087359,Sidewok (With Liquor),28.599813959695307,77.22695633585137,Chinese Restaurant
266,Khan Market,28.6001354,77.22649064087359,The Kitchen,28.599850861853835,77.22638309121834,Eastern European Restaurant
267,Khan Market,28.6001354,77.22649064087359,Taj Ambassador,28.60087033931607,77.22829798629847,Indian Restaurant
268,Khan Market,28.6001354,77.22649064087359,mr. choy,28.59990635235929,77.22641181228256,Chinese Restaurant
269,Khan Market,28.6001354,77.22649064087359,Watermelon,28.5996778023418,77.22621543430564,American Restaurant
270,Khan Market,28.6001354,77.22649064087359,The Artful Baker,28.59983582900195,77.22671494942456,Bakery
271,Khan Market,28.6001354,77.22649064087359,Sly Granny,28.600063,77.226173,Gastropub
272,Khan Market,28.6001354,77.22649064087359,Yum Yum Cha,28.600058,77.22639,Japanese Restaurant
273,Khan Market,28.6001354,77.22649064087359,Larry's China,28.601760878492893,77.22919615380913,Chinese Restaurant
274,Pragati Maidan,28.6234593,77.2425121,Aahar,28.621434908285483,77.24197745915569,Indian Restaurant
275,Brij Puri,28.702509499999998,77.27377709999999,Anand Sagar Sweets,28.702434,77.272368,North Indian Restaurant
276,Brij Puri,28.702509499999998,77.27377709999999,waho tenzin restaurant,28.70254709410317,77.27057179919953,Dumpling Restaurant
277,East Vinod Nagar,28.622766100000003,77.30750350000001,Kenz Kitchen,28.624008,77.311764,Diner
278,Geeta Colony,28.65010115,77.27592089582271,Domino's Pizza,28.652,77.278,Pizza Place
279,Geeta Colony,28.65010115,77.27592089582271,Durga bakery,28.652611542711554,77.27836598771667,Bakery
280,Jhilmil Colony,28.669814199999998,77.3072827,Jai Jawan,28.667114832164753,77.30433165430624,Indian Restaurant
281,Jhilmil Colony,28.669814199999998,77.3072827,Sutta Point,28.667508639126304,77.30356870042064,Asian Restaurant
282,Jhilmil Colony,28.669814199999998,77.3072827,"Khaaja Chowk, Ginger East",28.666533934550415,77.30393334811927,Indian Restaurant
283,Krishna Nagar,28.5637017,77.1934097649498,Kori's Cafe & Restro,28.562663,77.193627,Korean Restaurant
284,Krishna Nagar,28.5637017,77.1934097649498,Naga Diner,28.56198,77.1943,Northeast Indian Restaurant
285,Krishna Nagar,28.5637017,77.1934097649498,Scarlette,28.563148,77.190739,French Restaurant
286,Krishna Nagar,28.5637017,77.1934097649498,Al Kauser,28.565157429242888,77.19605486635697,Indian Restaurant
287,Krishna Nagar,28.5637017,77.1934097649498,Le Himalaya,28.560843,77.19325,Asian Restaurant
288,Krishna Nagar,28.5637017,77.1934097649498,Hornbill,28.561565399169922,77.19122314453125,North Indian Restaurant
289,Krishna Nagar,28.5637017,77.1934097649498,Tossin Pizza,28.562932,77.189509,Pizza Place
290,Laxmi Nagar,28.6303085,77.2775633,Fab and Feast,28.6309324,77.27427820000003,Indian Restaurant
291,Laxmi Nagar,28.6303085,77.2775633,Sushi,28.632535086597553,77.28015594063656,Sushi Restaurant
292,Laxmi Nagar,28.6303085,77.2775633,prasadam,28.63262899498975,77.28035995963181,South Indian Restaurant
293,Laxmi Nagar,28.6303085,77.2775633,Barakhamba Rd. Food Street,28.631022023317197,77.28138476397557,Snack Place
294,Laxmi Nagar,28.6303085,77.2775633,Shubham Eating Corner,28.633052825927734,77.28113555908203,Indian Restaurant
295,Laxmi Nagar,28.6303085,77.2775633,Uzbekk,28.628286,77.273215,Fast Food Restaurant
296,Mayur Vihar,28.6131071,77.29572209999999,Badnam Tea,28.610784814432037,77.29618013222465,Snack Place
297,Mayur Vihar,28.6131071,77.29572209999999,Tundey Kababi,28.61575239097104,77.29871597282836,Indian Restaurant
298,Mayur Vihar,28.6131071,77.29572209999999,Eat Out Chinese Van,28.613002240874838,77.29100168534157,Food Truck
299,Pandav Nagar,28.6501272,77.1532783,aaojee,28.653109,77.155854,Indian Restaurant
300,Pandav Nagar,28.6501272,77.1532783,Bihari Chay Wala Night Open,28.65374313958232,77.15528224879372,Café
301,Pandav Nagar,28.6501272,77.1532783,Salt n Pepper,28.650778,77.158287,Indian Restaurant
302,Patparganj,28.6115923,77.29056440000001,Neelgiri south indian restaurant,28.6084325901048,77.29293731796545,Indian Restaurant
303,Patparganj,28.6115923,77.29056440000001,Eat Out Chinese Van,28.613002240874838,77.29100168534157,Food Truck
304,Patparganj,28.6115923,77.29056440000001,Green Leaf Restaurant,28.612065472508544,77.28783130645752,Indian Restaurant
305,Patparganj,28.6115923,77.29056440000001,Sagar Ratna,28.609001981231156,77.29247164695215,Indian Restaurant
306,Patparganj,28.6115923,77.29056440000001,Hot Joint,28.60758379465428,77.29015448534662,Food Truck
307,Preet Vihar,28.637753200000002,77.2951746,Domino's Pizza,28.639,77.293,Pizza Place
308,Preet Vihar,28.637753200000002,77.2951746,Bercos,28.63935507318485,77.29120927645869,Chinese Restaurant
309,Preet Vihar,28.637753200000002,77.2951746,KFC,28.642053407019137,77.29601743261134,Fast Food Restaurant
310,Preet Vihar,28.637753200000002,77.2951746,Cafe 21,28.64186404872429,77.29595571890574,Café
311,Preet Vihar,28.637753200000002,77.2951746,Bobby Tikki Wala,28.641935541195796,77.29574813620276,Fast Food Restaurant
312,Anand Vihar,28.625691399999997,77.1019410656028,Om Sweets,28.62791929282436,77.10020022282467,Indian Restaurant
313,Anand Vihar,28.625691399999997,77.1019410656028,Domino's Pizza,28.628443662933357,77.09825457146016,Pizza Place
314,Anand Vihar,28.625691399999997,77.1019410656028,Om Sweets,28.62845757277508,77.09827869579124,Indian Restaurant
315,Anand Vihar,28.625691399999997,77.1019410656028,Peshori Chicken Soup,28.623279089078466,77.10201534471356,Soup Place
316,Anand Vihar,28.625691399999997,77.1019410656028,Kadimi,28.62849270812976,77.09823099990575,Indian Sweet Shop
317,Anand Vihar,28.625691399999997,77.1019410656028,Chawla Chicken,28.62848215517461,77.09827008569219,Punjabi Restaurant
318,Shakarpur,28.62948875,77.2810607296737,Barakhamba Rd. Food Street,28.631022023317197,77.28138476397557,Snack Place
319,Shakarpur,28.62948875,77.2810607296737,Sushi,28.632535086597553,77.28015594063656,Sushi Restaurant
320,Shakarpur,28.62948875,77.2810607296737,prasadam,28.63262899498975,77.28035995963181,South Indian Restaurant
321,Shakarpur,28.62948875,77.2810607296737,Shubham Eating Corner,28.633052825927734,77.28113555908203,Indian Restaurant
322,Shakarpur,28.62948875,77.2810607296737,Chai & Thanda Cafe,28.6327205531894,77.28323078031568,Café
323,Shakarpur,28.62948875,77.2810607296737,Hira sweets,28.63337183299352,77.2816260382788,Diner
324,Shakarpur,28.62948875,77.2810607296737,Aahar Vihar,28.633393788774182,77.28223603627623,Indian Restaurant
325,Vasundhara Enclave,28.60172565,77.3211224956397,Domino's Pizza,28.601,77.323,Pizza Place
326,Vasundhara Enclave,28.60172565,77.3211224956397,New Chinese Food Corner,28.601169,77.322884,Indian Chinese Restaurant
327,Vasundhara Enclave,28.60172565,77.3211224956397,Kathi Junction,28.600616210538362,77.32033570797601,Snack Place
328,Vasundhara Enclave,28.60172565,77.3211224956397,Flavours Of South,28.599775,77.318214,South Indian Restaurant
329,Vivek Vihar,28.6691641,77.312266954216,Urban Punjab,28.668247559923753,77.31226383575245,Indian Restaurant
330,Shahdara,28.6773038,77.2903467,New Shahi Food Corner,28.676237,77.29045,Dhaba
331,Shahdara,28.6773038,77.2903467,Halidrams,28.675918373532753,77.29012643226184,Vegetarian / Vegan Restaurant
332,Shahdara,28.6773038,77.2903467,Morning Corner,28.679894,77.287361,Breakfast Spot
333,Alaknanda,28.529336400000002,77.2516323,City Of Joy,28.532684759927243,77.25300336019707,Restaurant
334,Alaknanda,28.529336400000002,77.2516323,Qureshi's,28.527829571035852,77.24683745228994,BBQ Joint
335,Alaknanda,28.529336400000002,77.2516323,Qureshi Kabab,28.527750118016513,77.24696608137191,BBQ Joint
336,Alaknanda,28.529336400000002,77.2516323,Subway,28.526833206655244,77.25282111619163,New American Restaurant
337,Alaknanda,28.529336400000002,77.2516323,Nathu's Sweets,28.53323318887077,77.25013835819163,Indian Restaurant
338,Alaknanda,28.529336400000002,77.2516323,"Republic of Chicken, Alaknanda",28.52571178793279,77.25403338845,Steakhouse
339,Alaknanda,28.529336400000002,77.2516323,Pizza Hut - Alaknanda,28.527934618955854,77.24708510315949,Pizza Place
340,Alaknanda,28.529336400000002,77.2516323,zaitoon,28.527917316420567,77.24686059598848,Middle Eastern Restaurant
341,Alaknanda,28.529336400000002,77.2516323,The Final Frontier,28.5277404017068,77.24687182135719,Indian Restaurant
342,Chhattarpur,28.507007300000005,77.1754171,Calcutta Puchkas Near Chattarpur Metro,28.506842,77.175964,Snack Place
343,Chhattarpur,28.507007300000005,77.1754171,Aggarwal Sweets,28.50590861436785,77.17462571408667,Indian Restaurant
344,Chhattarpur,28.507007300000005,77.1754171,Konomi @ Trident Gurgaon,28.507598224403257,77.17540073511847,Japanese Restaurant
345,Chhattarpur,28.507007300000005,77.1754171,Burger King,28.506844,77.175,Burger Joint
346,Chhattarpur,28.507007300000005,77.1754171,Bobby's Biryani,28.510601053877654,77.17770330401494,Fried Chicken Joint
347,Chittaranjan Park,28.5387523,77.2492493451557,Kolkata Biryani House,28.54034,77.248892,Fast Food Restaurant
348,Chittaranjan Park,28.5387523,77.2492493451557,Hotel Royal Castle Grand,28.540798014439996,77.24975109309572,Indian Restaurant
349,Chittaranjan Park,28.5387523,77.2492493451557,Flaming wok,28.54083679704051,77.24989933019951,Chinese Restaurant
350,Chittaranjan Park,28.5387523,77.2492493451557,Bunty Dhaba,28.539879,77.252077,Indian Restaurant
351,Chittaranjan Park,28.5387523,77.2492493451557,WOW Momo,28.541091439669955,77.24751727825878,Dim Sum Restaurant
352,Chittaranjan Park,28.5387523,77.2492493451557,Pizza Square,28.539158658682222,77.25293040275574,Pizza Place
353,Chittaranjan Park,28.5387523,77.2492493451557,Dadu Cutlet Shop,28.536478038544693,77.25339919202065,Fast Food Restaurant
354,Dayanand Colony,28.562199699999997,77.2476131,The Colony Bistro,28.562757851459267,77.24445098931356,Café
355,Dayanand Colony,28.562199699999997,77.2476131,Tibet Kitchen,28.56383374764689,77.24510964985622,Restaurant
356,Dayanand Colony,28.562199699999997,77.2476131,McDonald's,28.55857665039234,77.24696723694807,Fast Food Restaurant
357,Dayanand Colony,28.562199699999997,77.2476131,Kaka ji Chole Bhature,28.564248661455252,77.24659679951569,Fast Food Restaurant
358,Dayanand Colony,28.562199699999997,77.2476131,Gharua Exaj,28.55968151107794,77.24585592115568,Restaurant
359,Defence Colony,28.5717909,77.2320102,Sagar South Indian Restaurant,28.573392633956587,77.23029286074349,South Indian Restaurant
360,Defence Colony,28.5717909,77.2320102,Amici Cafe,28.573747782505524,77.23017769336003,Italian Restaurant
361,Defence Colony,28.5717909,77.2320102,Moets Stone,28.573238361371025,77.23053722007795,Italian Restaurant
362,Defence Colony,28.5717909,77.2320102,Swagath Restaurant & Bar,28.573488628580655,77.23018334548219,Indian Restaurant
363,Defence Colony,28.5717909,77.2320102,Brown sugar,28.573646481336336,77.23029155517776,Café
364,Defence Colony,28.5717909,77.2320102,Angels In My Kitchen,28.574022931310232,77.22985854796937,Bakery
365,Defence Colony,28.5717909,77.2320102,Colonel's Kababz,28.574008745531483,77.23048985381021,Indian Restaurant
366,Defence Colony,28.5717909,77.2320102,subway,28.57368467591628,77.23027955927446,Sandwich Place
367,Defence Colony,28.5717909,77.2320102,Defence Colony Bakery,28.573774427297202,77.2302969610191,Bakery
368,Defence Colony,28.5717909,77.2320102,Moets Sizzlers,28.573136695769623,77.23043086780952,Restaurant
369,Defence Colony,28.5717909,77.2320102,Kent's,28.574091303850583,77.23045544798215,Burger Joint
370,Defence Colony,28.5717909,77.2320102,Ca Va,28.573699326234482,77.23003256615756,Italian Restaurant
371,Defence Colony,28.5717909,77.2320102,Rollmaal,28.573060736339777,77.23043673644335,Indian Restaurant
372,Defence Colony,28.5717909,77.2320102,Au Bon Pain,28.573732938036162,77.23035253441462,Café
373,Defence Colony,28.5717909,77.2320102,Liquid Kitchen,28.573906986208744,77.230313,Indian Restaurant
374,Defence Colony,28.5717909,77.2320102,Little Dragon Chinese Van,28.573691320543972,77.22852814237433,Food Truck
375,Defence Colony,28.5717909,77.2320102,Yoko Sizzlers,28.575624,77.229576,Steakhouse
376,East of Kailash,28.5570322,77.2446139206853,Sanjha Chulha,28.554530851612267,77.2420514961598,Indian Restaurant
377,East of Kailash,28.5570322,77.2446139206853,McDonald's,28.55857665039234,77.24696723694807,Fast Food Restaurant
378,East of Kailash,28.5570322,77.2446139206853,Nirula,28.55751766187938,77.24522542250605,Hot Dog Joint
379,East of Kailash,28.5570322,77.2446139206853,Gharua Exaj,28.55968151107794,77.24585592115568,Restaurant
380,East of Kailash,28.5570322,77.2446139206853,Domino`s Pizza,28.553415640450456,77.24267363548279,Pizza Place
381,East of Kailash,28.5570322,77.2446139206853,Anupama,28.553578202737288,77.2422981262207,Snack Place
382,East of Kailash,28.5570322,77.2446139206853,City Cafe,28.553275785096126,77.24288776874451,Café
383,Friends Colony,28.566751300000004,77.2619181,Modern bazzar,28.566700488132525,77.2625975115796,Fast Food Restaurant
384,Friends Colony,28.566751300000004,77.2619181,Phoenix Restaurant,28.565489,77.26289,Diner
385,Friends Colony,28.566751300000004,77.2619181,The Phoenix - Mantra Amaltas,28.567176002682842,77.26183533668518,Chinese Restaurant
386,Greater Kailash,28.5546327,77.2285698,Cafe turtle,28.55642514455825,77.23293876943045,Café
387,Greater Kailash,28.5546327,77.2285698,Ciro's Pomodoro,28.556861742547294,77.2327771371436,Italian Restaurant
388,Greater Kailash,28.5546327,77.2285698,Kasbah,28.556785738828452,77.23289091847826,Indian Restaurant
389,Greater Kailash,28.5546327,77.2285698,In the Punjab,28.55651435172736,77.2326299526044,Indian Restaurant
390,Greater Kailash,28.5546327,77.2285698,Zaffran,28.55685901901902,77.2330035803409,Indian Restaurant
391,Greater Kailash,28.5546327,77.2285698,Cuppa Mocha,28.553776788432685,77.22834289483632,Café
392,Greater Kailash,28.5546327,77.2285698,Bread & More,28.55650890917779,77.23286484758184,Bakery
393,Greater Kailash,28.5546327,77.2285698,Dim Cha,28.556332579853837,77.23277752878992,Dim Sum Restaurant
394,Greater Kailash,28.5546327,77.2285698,Le cafe,28.556891,77.232816,Café
395,Greater Kailash,28.5546327,77.2285698,Bohemia,28.556900032830498,77.23281120891646,Mediterranean Restaurant
396,Greater Kailash,28.5546327,77.2285698,Spago,28.55677865039597,77.23293470263145,Italian Restaurant
397,Green Park,28.5580022,77.20682109999998,Gung The Palace,28.556827471063702,77.20529819359226,Korean Restaurant
398,Green Park,28.5580022,77.20682109999998,Tamura,28.558153731025968,77.20635636990998,Japanese Restaurant
399,Green Park,28.5580022,77.20682109999998,Nagaland's Kitchen,28.557706136322118,77.20581285819608,Asian Restaurant
400,Green Park,28.5580022,77.20682109999998,Adyar Ananda Bhavan,28.557293287865434,77.20250249360129,Indian Restaurant
401,Green Park,28.5580022,77.20682109999998,Evergreen Sweets,28.556496952705977,77.20241126837641,Indian Restaurant
402,Green Park,28.5580022,77.20682109999998,Karnataka Restaurant,28.55926513417971,77.2069588862452,Indian Restaurant
403,Green Park,28.5580022,77.20682109999998,Mad Over Donuts,28.558574009468426,77.20213586225266,Donut Shop
404,Green Park,28.5580022,77.20682109999998,Domino's Pizza,28.556626404072333,77.20247306230945,Pizza Place
405,Green Park,28.5580022,77.20682109999998,caf coffee day,28.558241441390486,77.20283423564403,Café
406,Green Park,28.5580022,77.20682109999998,Rosang Cafe & Store,28.557983528476793,77.20594264260683,Indian Restaurant
407,Green Park,28.5580022,77.20682109999998,Pizza Hut,28.55627297324388,77.2022054858293,Pizza Place
408,Green Park,28.5580022,77.20682109999998,Madhuvan Chinese Fast Food,28.55830564032692,77.2076326341778,Chinese Restaurant
409,Green Park,28.5580022,77.20682109999998,Hong Kong Restaurant,28.557886460232915,77.20790213226385,Chinese Restaurant
410,Green Park,28.5580022,77.20682109999998,Drums of Heaven,28.55798022828897,77.20603285094691,Chinese Restaurant
411,Green Park,28.5580022,77.20682109999998,Nirula's yusuf sarai,28.557687556857687,77.20777791053851,Fast Food Restaurant
412,Green Park,28.5580022,77.20682109999998,Flaming Wok,28.5579805168114,77.20752595768253,Chinese Restaurant
413,Green Park,28.5580022,77.20682109999998,Twenty Ten,28.55830564032692,77.2063356660557,Indian Restaurant
414,Green Park,28.5580022,77.20682109999998,Say Cheese,28.557938090060674,77.20731260440353,Fast Food Restaurant
415,Green Park,28.5580022,77.20682109999998,Nirulas,28.557771,77.209191,Indian Restaurant
416,Green Park,28.5580022,77.20682109999998,Gupta Tea Stall,28.560325170119466,77.20845235561727,Breakfast Spot
417,Green Park,28.5580022,77.20682109999998,Junction,28.554196,77.206087,Bistro
418,Green Park,28.5580022,77.20682109999998,A2B Restaurant,28.557322889078986,77.20243344683747,Indian Restaurant
419,Green Park,28.5580022,77.20682109999998,Hot Box,28.560248029570904,77.2105802361386,Café
420,Green Park,28.5580022,77.20682109999998,Madras Cafe,28.556547782046305,77.20244940466515,Indian Restaurant
421,Gulmohar Park,28.5571011,77.21300550000001,Nirulas,28.557771,77.209191,Indian Restaurant
422,Gulmohar Park,28.5571011,77.21300550000001,Hot Box,28.560248029570904,77.2105802361386,Café
423,Gulmohar Park,28.5571011,77.21300550000001,Angeethi,28.553314333391114,77.21253633499144,Indian Restaurant
424,Gulmohar Park,28.5571011,77.21300550000001,Sasha's Haven,28.554105939445833,77.20921039581299,Fried Chicken Joint
425,Hauz Khas,28.544256400000002,77.20670720000001,Golden Dragon,28.543779996930773,77.2085426923895,Chinese Restaurant
426,Hauz Khas,28.544256400000002,77.20670720000001,Healthy Treat,28.541665727718875,77.20423221588135,Sandwich Place
427,Hauz Khas,28.544256400000002,77.20670720000001,The Kettle Drum,28.547200075148197,77.2094966500481,Café
428,Hauz Khas,28.544256400000002,77.20670720000001,Kebab Gali,28.541732361133523,77.21026021433626,Mughlai Restaurant
429,Hauz Khas,28.544256400000002,77.20670720000001,AlaTurka,28.540952720922018,77.20946296327485,Doner Restaurant
430,Hauz Khas,28.544256400000002,77.20670720000001,Urban Kathi,28.541312,77.210231,Indian Restaurant
431,Hauz Khas Village,28.55385485,77.1947127585299,Coast Cafe,28.55477945382934,77.19521437173087,Café
432,Hauz Khas Village,28.55385485,77.1947127585299,Imperfecto,28.554657460762375,77.19509179298782,Mediterranean Restaurant
433,Hauz Khas Village,28.55385485,77.1947127585299,Naivedyam,28.55498712481466,77.19510433587007,South Indian Restaurant
434,Hauz Khas Village,28.55385485,77.1947127585299,Yeti - The Himalayan Kitchen,28.553656456296924,77.19426148633241,Tibetan Restaurant
435,Hauz Khas Village,28.55385485,77.1947127585299,The Golconda Bowl,28.55497164670566,77.1941470209198,Indian Restaurant
436,Hauz Khas Village,28.55385485,77.1947127585299,Fork You,28.553996567510044,77.19445468359186,American Restaurant
437,Hauz Khas Village,28.55385485,77.1947127585299,Ogaan Coast Café,28.554770801551243,77.19519190570952,Indian Restaurant
438,Hauz Khas Village,28.55385485,77.1947127585299,Cafe Ziro,28.555139041412616,77.19462454892684,Café
439,Hauz Khas Village,28.55385485,77.1947127585299,Kaffeine,28.553688163629946,77.19429343992628,Tapas Restaurant
440,Hauz Khas Village,28.55385485,77.1947127585299,L'opera,28.554431084318832,77.19448824345363,Bakery
441,Hauz Khas Village,28.55385485,77.1947127585299,Iron Curtain,28.554501740241346,77.19401836395264,Restaurant
442,Hauz Khas Village,28.55385485,77.1947127585299,The Project,28.55571965336121,77.19549335515234,Italian Restaurant
443,Hauz Khas Village,28.55385485,77.1947127585299,The Garage,28.553856393332442,77.19478226307515,Restaurant
444,Hauz Khas Village,28.55385485,77.1947127585299,Zo,28.555163076011716,77.19465732241285,Mediterranean Restaurant
445,Hauz Khas Village,28.55385485,77.1947127585299,Bohéme,28.554931078926092,77.19420186928669,Scandinavian Restaurant
446,Hauz Khas Village,28.55385485,77.1947127585299,Moonshine Cafe & Bar,28.553898237899208,77.19439593542789,Café
447,Hauz Khas Village,28.55385485,77.1947127585299,Masha,28.554030548649408,77.19491958618164,Turkish Restaurant
448,Hauz Khas Village,28.55385485,77.1947127585299,Raas,28.554126921752147,77.19438016748653,Indian Restaurant
449,Hauz Khas Village,28.55385485,77.1947127585299,Flipside Cafe,28.55454733585004,77.19454058485267,Café
450,Hauz Khas Village,28.55385485,77.1947127585299,Thadi,28.554545943224568,77.19406519304188,Café
451,Hauz Khas Village,28.55385485,77.1947127585299,The Leaky Cauldron,28.55471362128808,77.19405025915353,Restaurant
452,Hauz Khas Village,28.55385485,77.1947127585299,Fat Ninja,28.554348904326183,77.19464546819228,Asian Restaurant
453,Hauz Khas Village,28.55385485,77.1947127585299,Garage Inc.,28.553835880510547,77.19489557040492,American Restaurant
454,Hauz Khas Village,28.55385485,77.1947127585299,Bagels Cafe,28.55376883353807,77.1943457952764,Bagel Shop
455,Hauz Khas Village,28.55385485,77.1947127585299,Pizzeria Rossa,28.5544089314345,77.19477201709728,Italian Restaurant
456,Hauz Khas Village,28.55385485,77.1947127585299,Park Baluchi,28.555915968452258,77.19522382882921,Indian Restaurant
457,Hauz Khas Village,28.55385485,77.1947127585299,The Pink Room,28.55421458083684,77.19451162131492,Restaurant
458,Hauz Khas Village,28.55385485,77.1947127585299,Gunpowder,28.554963050766396,77.19414902739034,Indian Restaurant
459,Hauz Khas Village,28.55385485,77.1947127585299,Dzukou,28.554590961273316,77.19405587434711,Asian Restaurant
460,Hauz Khas Village,28.55385485,77.1947127585299,The 1970s cafe,28.55491198482982,77.19507222000313,Italian Restaurant
461,Hauz Khas Village,28.55385485,77.1947127585299,Faarsi,28.55439323379627,77.19468477434437,Mediterranean Restaurant
462,Hauz Khas Village,28.55385485,77.1947127585299,The food mill,28.554787616465713,77.19558881224481,Restaurant
463,Hauz Khas Village,28.55385485,77.1947127585299,Lah !,28.55466987861073,77.19478584724699,Asian Restaurant
464,Hauz Khas Village,28.55385485,77.1947127585299,Wow Momo,28.554185370710186,77.1952294439672,Dumpling Restaurant
465,Hauz Khas Village,28.55385485,77.1947127585299,The Toddy Shop,28.554564461032708,77.19514521686952,Indian Restaurant
466,Hauz Khas Village,28.55385485,77.1947127585299,Roost Bistro,28.55441690856933,77.19504414427331,Restaurant
467,Hauz Khas Village,28.55385485,77.1947127585299,Social Chhat,28.554399,77.193913,Indian Restaurant
468,Hauz Khas Village,28.55385485,77.1947127585299,Azure Cafe & Kitchen,28.554702029066306,77.19439278547486,Café
469,Hauz Khas Village,28.55385485,77.1947127585299,khalista,28.554541321902605,77.19411202626823,Italian Restaurant
470,Hauz Khas Village,28.55385485,77.1947127585299,Lópéra,28.55407737151527,77.19449947379903,Bakery
471,Hauz Khas Village,28.55385485,77.1947127585299,Maquina,28.553929123045407,77.19440544733985,Mexican Restaurant
472,Hauz Khas Village,28.55385485,77.1947127585299,De Villa Restaurant & Bar,28.55435260649415,77.1945387799995,Italian Restaurant
473,Hauz Khas Village,28.55385485,77.1947127585299,New York Slice,28.553777637867686,77.1943703247628,Fast Food Restaurant
474,Jangpura,28.58245705,77.2415000727384,McDonald's,28.58130129346298,77.24183006216931,Fast Food Restaurant
475,Jangpura,28.58245705,77.2415000727384,Chi Kitchen & Bar,28.581380625727068,77.24199991082263,Chinese Restaurant
476,Jangpura,28.58245705,77.2415000727384,Barbeque Nation,28.581294319004417,77.24202919353289,BBQ Joint
477,Jangpura,28.58245705,77.2415000727384,Subway,28.582814887919472,77.24487368887291,Sandwich Place
478,Jangpura,28.58245705,77.2415000727384,Mughal Restaurant,28.581281178695495,77.24270713614166,Food
479,Jangpura,28.58245705,77.2415000727384,Hawkers House,28.581115401627017,77.24102325935695,Sandwich Place
480,Jangpura,28.58245705,77.2415000727384,Arab Street,28.580205818753438,77.24238158850613,Snack Place
481,Jangpura,28.58245705,77.2415000727384,Novelty,28.5838498413868,77.24370622499355,Fast Food Restaurant
482,Jasola,28.5422327,77.2943855997645,BTW,28.54124571153739,77.29693397077152,Indian Restaurant
483,Jasola,28.5422327,77.2943855997645,Al Bake,28.540862117017475,77.29706656062838,Indian Restaurant
484,Jasola,28.5422327,77.2943855997645,Open Oven,28.541416502083877,77.29555738420521,Bakery
485,Jasola,28.5422327,77.2943855997645,Southy Sarita Vihar,28.540644782360914,77.2972460896142,Fast Food Restaurant
486,Jor Bagh,28.586594199999997,77.2125637,Joint,28.588149810024166,77.21454394318047,Sushi Restaurant
487,Jor Bagh,28.586594199999997,77.2125637,Barista Lavazza,28.589737852064797,77.20993457722778,Café
488,Kailash Colony,28.5530522,77.2429694,The Big Chill Cafe,28.552727889814417,77.24192322690806,Italian Restaurant
489,Kailash Colony,28.5530522,77.2429694,Maxims,28.552849276682906,77.24206544536278,Bakery
490,Kailash Colony,28.5530522,77.2429694,Sanjha Chulha,28.554530851612267,77.2420514961598,Indian Restaurant
491,Kailash Colony,28.5530522,77.2429694,Domino`s Pizza,28.553415640450456,77.24267363548279,Pizza Place
492,Kailash Colony,28.5530522,77.2429694,Anupama,28.553578202737288,77.2422981262207,Snack Place
493,Kailash Colony,28.5530522,77.2429694,Cafe 27,28.55335576131831,77.24075944981412,Afghan Restaurant
494,Kailash Colony,28.5530522,77.2429694,Alkousur's,28.553097333650385,77.24750044029759,Indian Restaurant
495,Khanpur,28.512798200000002,77.2323949,kareem's,28.51416344547577,77.23267648835265,Indian Restaurant
496,Khanpur,28.512798200000002,77.2323949,chickens of ludhiana,28.509927110704524,77.23240613937378,Indian Restaurant
497,Khanpur,28.512798200000002,77.2323949,Art Chilli,28.508975,77.231428,Chinese Restaurant
498,Khirki Village,28.529885200000002,77.21807709999999,The Big Chill Cafe,28.528201144658645,77.21774809752226,Restaurant
499,Khirki Village,28.529885200000002,77.21807709999999,Khan Chacha,28.528170383513412,77.21920724473348,Indian Restaurant
500,Khirki Village,28.529885200000002,77.21807709999999,Mamagoto,28.528756186181624,77.2194502821349,Thai Restaurant
501,Khirki Village,28.529885200000002,77.21807709999999,PaPaYa,28.528426562427498,77.21835558745822,Asian Restaurant
502,Khirki Village,28.529885200000002,77.21807709999999,MySquare,28.529449602673637,77.21936622091317,Comfort Food Restaurant
503,Khirki Village,28.529885200000002,77.21807709999999,YUM YUM CHA,28.52872519275004,77.21953636519429,Japanese Restaurant
504,Khirki Village,28.529885200000002,77.21807709999999,Mahabelly,28.527303103925483,77.2167995021076,Restaurant
505,Khirki Village,28.529885200000002,77.21807709999999,Bercos,28.529478554735793,77.22015117020007,Chinese Restaurant
506,Khirki Village,28.529885200000002,77.21807709999999,Hard Rock Cafe New Delhi,28.5272184,77.217124,American Restaurant
507,Khirki Village,28.529885200000002,77.21807709999999,Burma Burma,28.532334,77.219184,Burmese Restaurant
508,Khirki Village,28.529885200000002,77.21807709999999,Cafe Delhi Heights,28.528167121791405,77.21658289576268,American Restaurant
509,Khirki Village,28.529885200000002,77.21807709999999,Cinnabon,28.528050363748704,77.21694780548164,Bakery
510,Khirki Village,28.529885200000002,77.21807709999999,Rajdhani Thali,28.52767197017891,77.21708154422136,Asian Restaurant
511,Khirki Village,28.529885200000002,77.21807709999999,Dakshin,28.526670435481606,77.21608102688685,Indian Restaurant
512,Khirki Village,28.529885200000002,77.21807709999999,TGI Friday's,28.52846343679983,77.21617818373032,American Restaurant
513,Khirki Village,28.529885200000002,77.21807709999999,"Baywatch, Sheraton Saket",28.526675159354582,77.21596255986857,Café
514,Khirki Village,28.529885200000002,77.21807709999999,Mad Over Donuts,28.529440803494428,77.21941441420834,Donut Shop
515,Khirki Village,28.529885200000002,77.21807709999999,Smoke House Deli,28.528044302596136,77.21689335304815,Café
516,Khirki Village,28.529885200000002,77.21807709999999,Johnny Rockets,28.528747640530426,77.21948440861712,Burger Joint
517,Khirki Village,28.529885200000002,77.21807709999999,Dunkin',28.527976518660083,77.21694228753661,Donut Shop
518,Khirki Village,28.529885200000002,77.21807709999999,Costa Coffee,28.52799075145797,77.21699071087134,Café
519,Khirki Village,28.529885200000002,77.21807709999999,The Monk,28.527789269224183,77.21719899112968,Chinese Restaurant
520,Khirki Village,28.529885200000002,77.21807709999999,Joy Luck Moon,28.528724178345655,77.21950571949525,Chinese Restaurant
521,Khirki Village,28.529885200000002,77.21807709999999,The Punjab Grill,28.528645892473975,77.21918567310696,Indian Restaurant
522,Khirki Village,28.529885200000002,77.21807709999999,KFC,28.528293151954713,77.21931511383701,Fast Food Restaurant
523,Khirki Village,28.529885200000002,77.21807709999999,Cafe Ludus,28.529202980322268,77.22030001433481,Café
524,Khirki Village,28.529885200000002,77.21807709999999,Burger King India,28.52914971603198,77.21940176289571,Burger Joint
525,Khirki Village,28.529885200000002,77.21807709999999,Krispy Kreme,28.529100727909483,77.21946249012696,Donut Shop
526,Khirki Village,28.529885200000002,77.21807709999999,Johnny Rockets,28.5288300044688,77.21948435517265,Burger Joint
527,Khirki Village,28.529885200000002,77.21807709999999,The Great Kabab Factory,28.529393048280618,77.22036153738684,Steakhouse
528,Khirki Village,28.529885200000002,77.21807709999999,Barbeque Nation Saket,28.52740574313093,77.21718490966313,Indian Restaurant
529,Khirki Village,28.529885200000002,77.21807709999999,Carl's Jr.,28.528059098734946,77.21888927100593,Fast Food Restaurant
530,Khirki Village,28.529885200000002,77.21807709999999,Chili's Grill & Bar,28.52846206934754,77.2159125618368,Tex-Mex Restaurant
531,Khirki Village,28.529885200000002,77.21807709999999,Spice Market,28.528027123349872,77.21883366548153,Indian Restaurant
532,Khirki Village,28.529885200000002,77.21807709999999,Gulati Spice Market,28.52792586597092,77.21855778289725,Indian Restaurant
533,Khirki Village,28.529885200000002,77.21807709999999,Sattvik,28.52902799113078,77.21947780548905,Indian Restaurant
534,Khirki Village,28.529885200000002,77.21807709999999,Dhaba by Claridges,28.52783557637277,77.21716088307309,Indian Restaurant
535,Khirki Village,28.529885200000002,77.21807709999999,Pan Asian,28.52690814796202,77.21608368543805,Chinese Restaurant
536,Khirki Village,28.529885200000002,77.21807709999999,Sushiya,28.52872898686062,77.21948780988372,Japanese Restaurant
537,Khirki Village,28.529885200000002,77.21807709999999,Food Court,28.529484311522857,77.21937858758615,Food Court
538,Khirki Village,28.529885200000002,77.21807709999999,Chicago Pizza,28.528565956488592,77.2191730336232,Pizza Place
539,Khirki Village,28.529885200000002,77.21807709999999,IHOP,28.528494,77.219103,American Restaurant
540,Khirki Village,28.529885200000002,77.21807709999999,Bistro 4u,28.529022639030195,77.21938330335966,Italian Restaurant
541,Khirki Village,28.529885200000002,77.21807709999999,Fat Lulu's,28.529464520233606,77.21950119713308,Pizza Place
542,Khirki Village,28.529885200000002,77.21807709999999,Food Chowk,28.52817241554649,77.21694680571237,Food Truck
543,Khirki Village,28.529885200000002,77.21807709999999,India Grill,28.527914236530943,77.21748999799347,Food
544,Khirki Village,28.529885200000002,77.21807709999999,Food Court,28.52809964908628,77.2169018928419,Indian Restaurant
545,Khirki Village,28.529885200000002,77.21807709999999,Yo China Cafe,28.52801307859466,77.21689438503608,Café
546,Khirki Village,28.529885200000002,77.21807709999999,Foodchwk Dlf Place,28.527937713043368,77.2170804213637,Restaurant
547,Khirki Village,28.529885200000002,77.21807709999999,Dhaba,28.52765919369101,77.21721066848171,Indian Restaurant
548,Khirki Village,28.529885200000002,77.21807709999999,Barbeque Nation,28.52758447171392,77.2172836516969,BBQ Joint
549,Khirki Village,28.529885200000002,77.21807709999999,Kausstubh,28.527579920555706,77.21721066848171,Indian Restaurant
550,Khirki Village,28.529885200000002,77.21807709999999,Fast trax,28.532473909211788,77.21866471019757,Burger Joint
551,Khirki Village,28.529885200000002,77.21807709999999,CremeBrew,28.532527819945788,77.21882751684367,Café
552,Khirki Village,28.529885200000002,77.21807709999999,Parathe Hi Parathe,28.532564904442445,77.21870962239821,Indian Restaurant
553,Khirki Village,28.529885200000002,77.21807709999999,Mosaic,28.527297815959205,77.22089907148106,Restaurant
554,Lajpat Nagar,28.565462300000004,77.2456272,Pind Balluchi,28.56770549643606,77.24689260904971,Restaurant
555,Lajpat Nagar,28.565462300000004,77.2456272,The Colony Bistro,28.562757851459267,77.24445098931356,Café
556,Lajpat Nagar,28.565462300000004,77.2456272,Domino's Pizza,28.567270799808384,77.24659118681836,Pizza Place
557,Lajpat Nagar,28.565462300000004,77.2456272,Mad Over Donuts,28.567307616576755,77.24677640568902,Donut Shop
558,Lajpat Nagar,28.565462300000004,77.2456272,Costa Coffee,28.567200723291588,77.24477591780726,Café
559,Lajpat Nagar,28.565462300000004,77.2456272,Dunkin',28.569049141226696,77.24376796616151,Donut Shop
560,Lajpat Nagar,28.565462300000004,77.2456272,Tibet Kitchen,28.56383374764689,77.24510964985622,Restaurant
561,Lajpat Nagar,28.565462300000004,77.2456272,Kaka ji Chole Bhature,28.564248661455252,77.24659679951569,Fast Food Restaurant
562,Lajpat Nagar,28.565462300000004,77.2456272,Beliram Decchiwala,28.56891632080078,77.24746942520142,Indian Restaurant
563,Lodi Colony,28.59070215,77.22092057315879,The All American Diner,28.589250577250006,77.22558629729524,Diner
564,Lodi Colony,28.59070215,77.22092057315879,Oriental Octopus At Habitat,28.589232437923798,77.22568297009319,Chinese Restaurant
565,Lodi Colony,28.59070215,77.22092057315879,Eatopia,28.58998253129265,77.22550008124124,Food Court
566,Lodi Colony,28.59070215,77.22092057315879,Garden Chef,28.59016049065458,77.219125059445,Chinese Restaurant
567,Lodi Colony,28.59070215,77.22092057315879,Dilli Dastarkhwan,28.590543815914646,77.22308847999311,Indian Restaurant
568,Lodi Colony,28.59070215,77.22092057315879,The Deck (Members Only),28.589272357325868,77.22539530396419,Middle Eastern Restaurant
569,Maharani Bagh,28.572001300000004,77.2633718,Barista,28.571147,77.264767,Café
570,Maharani Bagh,28.572001300000004,77.2633718,Ambar Parathe Wala,28.571830353388858,77.26544272767393,Indian Restaurant
571,Maharani Bagh,28.572001300000004,77.2633718,blooms eros hotel,28.571927,77.258537,Buffet
572,Maharani Bagh,28.572001300000004,77.2633718,"CCD, New Friends Colony",28.57629437263617,77.26303524161575,Café
573,Malviya Nagar,28.5339201,77.2124474,Nazeer,28.5366512218557,77.21182101423967,Asian Restaurant
574,Malviya Nagar,28.5339201,77.2124474,Dunkin',28.536585845301875,77.21170457740932,Donut Shop
575,Malviya Nagar,28.5339201,77.2124474,T'POT,28.53743251744998,77.21041331491391,Café
576,Malviya Nagar,28.5339201,77.2124474,Subway,28.533422642814458,77.20855341677142,Sandwich Place
577,Malviya Nagar,28.5339201,77.2124474,Domino's Pizza,28.534,77.209,Pizza Place
578,Malviya Nagar,28.5339201,77.2124474,Dana Choga's kitchen,28.533889432167182,77.20869939384173,Indian Restaurant
579,Malviya Nagar,28.5339201,77.2124474,Pudding & Pie,28.536377,77.20957,Bakery
580,Malviya Nagar,28.5339201,77.2124474,Delhi Heights,28.53273356077091,77.2080817973136,Diner
581,Mehrauli,28.5218262,77.17832320000001,Thai High,28.522127097129164,77.1818314461584,Thai Restaurant
582,Mehrauli,28.5218262,77.17832320000001,Tonino Ristorante,28.521796040000677,77.17758178710938,Restaurant
583,Mehrauli,28.5218262,77.17832320000001,lavaash by Saby,28.522356058839634,77.18180850514409,Restaurant
584,Mehrauli,28.5218262,77.17832320000001,THAI HIGH at the Qutab,28.522637372883246,77.18235075473785,Thai Restaurant
585,Neeti Bagh,28.5592511,77.2161665,Diggin,28.55566501565905,77.21859020657992,Café
586,Neeti Bagh,28.5592511,77.2161665,CCD Rajiv Chowk,28.558944467988397,77.21808646408994,Café
587,Neeti Bagh,28.5592511,77.2161665,Jughead's Fast Food,28.561205333701192,77.21657065989525,Fast Food Restaurant
588,Neeti Bagh,28.5592511,77.2161665,Jughead's,28.56125364203609,77.21790120017552,Pizza Place
589,Nehru Place,28.54925735,77.25295199508821,Royal China,28.550561158216098,77.25179404242351,Chinese Restaurant
590,Nehru Place,28.54925735,77.25295199508821,Epicuria,28.550926002518175,77.25154709438864,Food Court
591,Nehru Place,28.54925735,77.25295199508821,Fio - Cookhouse & Bar,28.551051353012067,77.25127933672889,Restaurant
592,Nehru Place,28.54925735,77.25295199508821,Sona resturant,28.548399077226634,77.25159837185173,Fast Food Restaurant
593,Nehru Place,28.54925735,77.25295199508821,Oh Calcutta,28.55069002584562,77.25058735960664,Bengali Restaurant
594,Nehru Place,28.54925735,77.25295199508821,Dunkin',28.551335529309487,77.25173195462801,Donut Shop
595,Nehru Place,28.54925735,77.25295199508821,"Cafe Coffee Day, Nehru Place",28.5498222638576,77.25075042563134,Food
596,Nehru Place,28.54925735,77.25295199508821,McDonald's,28.550387788987397,77.25105732018214,Fast Food Restaurant
597,Nehru Place,28.54925735,77.25295199508821,The Chatter House,28.551589229363746,77.25200162802267,Gastropub
598,Nehru Place,28.54925735,77.25295199508821,Benihana Of Tokyo,28.55117861551941,77.25169301829006,Japanese Restaurant
599,Nehru Place,28.54925735,77.25295199508821,Blooms Coffee Shop,28.550186993755084,77.24950734790717,Indian Restaurant
600,Nehru Place,28.54925735,77.25295199508821,Subway,28.55039687096307,77.25106945359245,Sandwich Place
601,Nehru Place,28.54925735,77.25295199508821,Domino's Pizza,28.55,77.252,Pizza Place
602,Nehru Place,28.54925735,77.25295199508821,Nescafe,28.548879299517743,77.25303999960656,Café
603,Nehru Place,28.54925735,77.25295199508821,Pind Baluchi,28.548965477569475,77.25139555783802,Indian Restaurant
604,Nehru Place,28.54925735,77.25295199508821,Chaayos,28.550829661527125,77.25182210466741,Indian Restaurant
605,Nehru Place,28.54925735,77.25295199508821,"Ruby Tuesday, Nehru Place",28.55035546268419,77.2509589660359,American Restaurant
606,Nehru Place,28.54925735,77.25295199508821,Benihana,28.551052433935865,77.25159199406988,Japanese Restaurant
607,Nehru Place,28.54925735,77.25295199508821,Burger King,28.55099670989005,77.25131698325349,Fast Food Restaurant
608,Nehru Place,28.54925735,77.25295199508821,Dhaba by Claridges,28.551247,77.251659,North Indian Restaurant
609,Nehru Place,28.54925735,77.25295199508821,Big Wong XL,28.551638,77.251823,Chinese Restaurant
610,Nehru Place,28.54925735,77.25295199508821,Pind Baluchi,28.547241487017295,77.25068838468901,Indian Restaurant
611,Nehru Place,28.54925735,77.25295199508821,Singh Sahib,28.55008301571373,77.24963322955283,Indian Restaurant
612,Nehru Place,28.54925735,77.25295199508821,Empress of China,28.549607729573406,77.24921004226398,Chinese Restaurant
613,Nehru Place,28.54925735,77.25295199508821,Oodles,28.545906561295027,77.25293897654257,Food
614,Netaji Nagar,28.5735343,77.18635929999999,McDonald's,28.5693384362882,77.18664358735035,Fast Food Restaurant
615,Netaji Nagar,28.5735343,77.18635929999999,"Cafe, Hyatt Regency",28.5695241424451,77.18540254555136,Café
616,Netaji Nagar,28.5735343,77.18635929999999,Indigo,28.570401560089998,77.18583494620346,Modern European Restaurant
617,Netaji Nagar,28.5735343,77.18635929999999,"Restaurant Aangan, Hyatt Regency Hotel",28.569256000407933,77.18479851565564,Indian Restaurant
618,New Friends Colony,28.567100800000002,77.26976429999999,Cafe Coffee Day,28.56271327936865,77.26903043193217,Café
619,New Friends Colony,28.567100800000002,77.26976429999999,Ego 33,28.570214652710554,77.27164360095142,Indian Restaurant
620,Nizamuddin West,28.588365000000003,77.2449546,Karims,28.5913955903448,77.24365657296444,Mughlai Restaurant
621,Nizamuddin West,28.588365000000003,77.2449546,Ghalib Kabab Corner,28.592208821144702,77.24251672971961,BBQ Joint
622,Nizamuddin West,28.588365000000003,77.2449546,"Kareems nizamuddin,  Delhi",28.591299035851705,77.24362203243963,Awadhi Restaurant
623,Nizamuddin West,28.588365000000003,77.2449546,Tahir Kabab Corner,28.59172882171536,77.24453692163345,Indian Restaurant
624,Okhla,28.563661600000003,77.2890546,Roasto,28.562088,77.28815,Restaurant
625,Okhla,28.563661600000003,77.2890546,Al Nawaz,28.564732364670537,77.28983467978206,Afghan Restaurant
626,Okhla,28.563661600000003,77.2890546,Dilli Nihari,28.56230343312649,77.28789899589094,Indian Restaurant
627,Okhla,28.563661600000003,77.2890546,HMS Corner Restaurant,28.56251379012185,77.29100729591714,Chinese Restaurant
628,Okhla,28.563661600000003,77.2890546,AL-Nawaz,28.561399837677673,77.2924772574573,Indian Restaurant
629,Okhla,28.563661600000003,77.2890546,Infini Tea Cafe,28.560891,77.292818,Café
630,Okhla,28.563661600000003,77.2890546,Hunger Break Out,28.559327,77.288454,Indian Restaurant
631,Okhla,28.563661600000003,77.2890546,Al Umar,28.56643185004004,77.28504871329132,Restaurant
632,Safdarjung Enclave,28.5656419,77.1934382,Khaandani Pakore Wala (Pakoda Point),28.56960468088083,77.19388957301648,Snack Place
633,Safdarjung Enclave,28.5656419,77.1934382,Al Kauser,28.565157429242888,77.19605486635697,Indian Restaurant
634,Safdarjung Enclave,28.5656419,77.1934382,Scarlette,28.563148,77.190739,French Restaurant
635,Safdarjung Enclave,28.5656419,77.1934382,Nirulas bhikaji cama place,28.56625569342116,77.18910878572457,Fast Food Restaurant
636,Safdarjung Enclave,28.5656419,77.1934382,Nirula's,28.567392724009913,77.18905091285706,Fast Food Restaurant
637,Safdarjung Enclave,28.5656419,77.1934382,Kulcha King,28.569892111732102,77.1943254033259,Fast Food Restaurant
638,Saket,28.5244107,77.21372530000001,Dakshin,28.526670435481606,77.21608102688685,Indian Restaurant
639,Saket,28.5244107,77.21372530000001,Mahabelly,28.527303103925483,77.2167995021076,Restaurant
640,Saket,28.5244107,77.21372530000001,"Baywatch, Sheraton Saket",28.526675159354582,77.21596255986857,Café
641,Saket,28.5244107,77.21372530000001,Hard Rock Cafe New Delhi,28.5272184,77.217124,American Restaurant
642,Saket,28.5244107,77.21372530000001,Rajdhani Thali,28.52767197017891,77.21708154422136,Asian Restaurant
643,Saket,28.5244107,77.21372530000001,Barbeque Nation Saket,28.52740574313093,77.21718490966313,Indian Restaurant
644,Saket,28.5244107,77.21372530000001,Pan Asian,28.52690814796202,77.21608368543805,Chinese Restaurant
645,Saket,28.5244107,77.21372530000001,Chili's Grill & Bar,28.52846206934754,77.2159125618368,Tex-Mex Restaurant
646,Saket,28.5244107,77.21372530000001,Dhaba,28.52765919369101,77.21721066848171,Indian Restaurant
647,Sarita Vihar,28.533478499999998,77.29352320000001,Barista,28.535493019793964,77.29297659133974,Café
648,Sarita Vihar,28.533478499999998,77.29352320000001,Cafe Coffee Day,28.53512750170145,77.29109503900584,Café
649,Sarita Vihar,28.533478499999998,77.29352320000001,Grill & Fire,28.535571896234014,77.29015448534662,Café
650,Sarojini Nagar,28.574157500000002,77.1953703,Domino's Pizza,28.576,77.195,Pizza Place
651,Sarojini Nagar,28.574157500000002,77.1953703,McDonald's,28.57651519110731,77.19609978713844,Fast Food Restaurant
652,Sarojini Nagar,28.574157500000002,77.1953703,Haldiram's,28.576374358811357,77.19526594231465,Indian Restaurant
653,Sarojini Nagar,28.574157500000002,77.1953703,McDonald's,28.575959621653755,77.19520136827462,Fast Food Restaurant
654,Sarojini Nagar,28.574157500000002,77.1953703,Rdbd Rang de Basanti Dhaba,28.576552126905252,77.19525190451647,Indian Restaurant
655,Sarojini Nagar,28.574157500000002,77.1953703,Rang De Basanti Dhaba,28.576022679658717,77.1950497594198,Indian Restaurant
656,Sarojini Nagar,28.574157500000002,77.1953703,Bakes & Byte,28.576560287873274,77.19750916800878,Restaurant
657,Sarojini Nagar,28.574157500000002,77.1953703,Amar Jyoti Restaurant,28.577417293433125,77.19666129546995,Indian Restaurant
658,Sarojini Nagar,28.574157500000002,77.1953703,Kulcha King,28.569892111732102,77.1943254033259,Fast Food Restaurant
659,Sarvodaya Enclave,28.5374783,77.2020888,Cafe Coffee Day,28.538589416575263,77.19868270343359,Café
660,Sarvodaya Enclave,28.5374783,77.2020888,Kuzart Lane,28.53798956422492,77.1983682644597,Café
661,Sarvodaya Enclave,28.5374783,77.2020888,Waves Restaurant,28.538582107334314,77.19877067130093,Indian Restaurant
662,Sarvodaya Enclave,28.5374783,77.2020888,Rustom's Parsi Bhonu,28.537983842608966,77.19814927968137,Parsi Restaurant
663,Sarvodaya Enclave,28.5374783,77.2020888,Southy,28.53747556500701,77.19804820964717,Indian Restaurant
664,Shahpur Jat,28.5483303,77.214104,The Potbelly Rooftop Cafe & Kitchen,28.549666477964106,77.21534029625838,Indian Restaurant
665,Shahpur Jat,28.5483303,77.214104,Ivy & Bean,28.549159518794056,77.21544349930215,Australian Restaurant
666,Shahpur Jat,28.5483303,77.214104,Chopsticks,28.552319249512376,77.21311864664636,Chinese Restaurant
667,Shahpur Jat,28.5483303,77.214104,Cafe Red,28.54925320540654,77.21239929098975,Café
668,Shahpur Jat,28.5483303,77.214104,Slice Of Italy,28.54947704504366,77.21592503368777,Italian Restaurant
669,Shahpur Jat,28.5483303,77.214104,The Village Complex,28.552388450177535,77.21308806997882,Indian Restaurant
670,Shahpur Jat,28.5483303,77.214104,Arriba Mexican Grill &  Tequileria,28.552464,77.213005,Mexican Restaurant
671,Siri Fort,28.552146399999998,77.2246983,Cuppa Mocha,28.553776788432685,77.22834289483632,Café
672,South Extension,28.568566399999998,77.2205677,China Doll,28.56840481252886,77.21769347968372,Chinese Restaurant
673,South Extension,28.568566399999998,77.2205677,Domino's Pizza,28.57,77.22,Pizza Place
674,South Extension,28.568566399999998,77.2205677,Moti Mahal Deluxe,28.568538860850442,77.21926835008128,Indian Restaurant
675,South Extension,28.568566399999998,77.2205677,Domino's Pizza,28.567,77.22,Pizza Place
676,South Extension,28.568566399999998,77.2205677,Bengali Sweets,28.569537550088498,77.22094000628562,Indian Restaurant
677,South Extension,28.568566399999998,77.2205677,McDonald's,28.568451001384812,77.21950255806662,Fast Food Restaurant
678,South Extension,28.568566399999998,77.2205677,Cake Palace,28.56763655872829,77.22115731151872,Bakery
679,South Extension,28.568566399999998,77.2205677,Daitchi,28.56819754073076,77.22247657246882,Chinese Restaurant
680,South Extension,28.568566399999998,77.2205677,Bhel Puri,28.569345102375447,77.21971452842412,Indian Restaurant
681,South Extension,28.568566399999998,77.2205677,Haldiram's,28.568646259865243,77.22245411705075,Indian Restaurant
682,South Extension,28.568566399999998,77.2205677,McDonald's,28.568390347080722,77.21972575637614,American Restaurant
683,South Extension,28.568566399999998,77.2205677,Rang De Basanti Dhaba,28.568095688934903,77.22003452463856,Indian Restaurant
684,South Extension,28.568566399999998,77.2205677,Circus Restaurant & Bar,28.568610509378058,77.21768786561131,Gastropub
685,South Extension,28.568566399999998,77.2205677,Pind Balluchi,28.569525094427163,77.22430105801577,Food Truck
686,Sriniwaspuri,28.565220399999998,77.2547041,Ravi Bajaj Café,28.561065558886224,77.2555318743978,Café
687,Sriniwaspuri,28.565220399999998,77.2547041,Nirulas,28.560937561523478,77.25544408240489,Fast Food Restaurant
688,Sriniwaspuri,28.565220399999998,77.2547041,Domino's Pizza @ Delhi International Airport,28.560869316493694,77.25550942531095,Pizza Place
689,Dhaula Kuan,28.5918905,77.16170340000001,Burger King Drive THRU,28.591651,77.162309,Burger Joint
690,Dhaula Kuan,28.5918905,77.16170340000001,Khan Chacha Airport Express,28.592132,77.162028,Food Court
691,Dhaula Kuan,28.5918905,77.16170340000001,China Bowl,28.58980035084828,77.1623988079583,Chinese Restaurant
692,Dhaula Kuan,28.5918905,77.16170340000001,the Hangout Cafe,28.592620581444525,77.15900066189221,Bakery
693,Ghitorni,28.4938107,77.1491661,Kashmiri Kitchen,28.4932709636669,77.14830569839346,Indian Restaurant
694,Ghitorni,28.4938107,77.1491661,Swiss Gouermessa,28.49235757448934,77.14488468028415,Sandwich Place
695,Ghitorni,28.4938107,77.1491661,LEO's,28.490929,77.145733,Pizza Place
696,Inderpuri,28.6286841,77.1470979,Pure Punjabi restaurant,28.6285844917295,77.1453309059143,Indian Restaurant
697,Inderpuri,28.6286841,77.1470979,Vishnu bhojanalay,28.63221168518066,77.14807891845703,Vegetarian / Vegan Restaurant
698,Kishangarh Village,28.5194277,77.16653509999999,Pluto Cafe,28.520326852389285,77.16514684987189,Café
699,Kishangarh Village,28.5194277,77.16653509999999,Kathi Zone,28.521081585642474,77.1660608336095,Indian Restaurant
700,Kishangarh Village,28.5194277,77.16653509999999,Nirula's,28.52162338112534,77.16471473398232,Diner
701,Mahipalpur,28.5444849,77.1256912,Spice of Delhi,28.5455485624499,77.12730617873021,Indian Restaurant
702,Mahipalpur,28.5444849,77.1256912,Cocos,28.54635951957396,77.12602518967594,Asian Restaurant
703,Mahipalpur,28.5444849,77.1256912,Hue Blue  Lounge & Bar,28.5448686,77.12813449999999,Indian Restaurant
704,Mahipalpur,28.5444849,77.1256912,Metropolitan Express,28.547283357662202,77.1258229269916,Fast Food Restaurant
705,Mahipalpur,28.5444849,77.1256912,aggarwal sweets,28.545220439767416,77.12230574894615,Bakery
706,Mahipalpur,28.5444849,77.1256912,Punjabi Nawabs,28.54799911004015,77.12633013725281,Indian Restaurant
707,Mahipalpur,28.5444849,77.1256912,Aggarwal sweets,28.541842784670976,77.12931191033198,Bakery
708,Moti Bagh,28.5778787,77.1741797,Karnataka Food Centre,28.57811342788601,77.17501303798868,South Indian Restaurant
709,Moti Bagh,28.5778787,77.1741797,Fujiya,28.578754781626014,77.17639477643331,Asian Restaurant
710,Moti Bagh,28.5778787,77.1741797,Ada'e Haandi Restaurant,28.578663,77.16936,Punjabi Restaurant
711,Munirka,28.554886,77.17108409999999,Subway,28.55880022313994,77.17068313754746,Sandwich Place
712,Munirka,28.554886,77.17108409999999,Anupam Restoran,28.557973602321095,77.17274430142392,Indian Restaurant
713,Munirka,28.554886,77.17108409999999,West View,28.558149472935348,77.17349125389681,Steakhouse
714,Munirka,28.554886,77.17108409999999,Slice Of Italy,28.558930265687927,77.17114367317609,Pizza Place
715,Munirka,28.554886,77.17108409999999,Aggarwal Sweets,28.559198298410596,77.17122791730537,Bakery
716,Naraina,28.622054700000003,77.1386441,Sandoz,28.62229038284943,77.13594125982374,Indian Restaurant
717,Naraina,28.622054700000003,77.1386441,Kent's Fast Food,28.624488939678653,77.137295174936,Fast Food Restaurant
718,Naraina,28.622054700000003,77.1386441,Polka ( pastry shop & snacks bar),28.62448991697341,77.13541879055074,Snack Place
719,Naraina,28.622054700000003,77.1386441,Naraina Club,28.62556261702355,77.1408175294492,Indian Restaurant
720,Rama Krishna Puram,28.5755607,77.1723033680923,Delhi Club House,28.572457133008967,77.17348929267234,Comfort Food Restaurant
721,Rama Krishna Puram,28.5755607,77.1723033680923,Karnataka Food Centre,28.57811342788601,77.17501303798868,South Indian Restaurant
722,Rama Krishna Puram,28.5755607,77.1723033680923,Cafe Coffee Day,28.57733714587845,77.16850356561686,Café
723,Rama Krishna Puram,28.5755607,77.1723033680923,Fatty Bao,28.572562359110798,77.17358521765252,Asian Restaurant
724,Rama Krishna Puram,28.5755607,77.1723033680923,Domino's Pizza,28.57732747873153,77.16852044155917,Pizza Place
725,Rama Krishna Puram,28.5755607,77.1723033680923,Nueva,28.572553,77.173571,Restaurant
726,Rama Krishna Puram,28.5755607,77.1723033680923,Cafe Delhi Heights,28.572525576126825,77.17354763152132,Café
727,Rama Krishna Puram,28.5755607,77.1723033680923,Ziu,28.572307824312198,77.17369905187043,Thai Restaurant
728,Rangpuri,28.540007199999998,77.11977540000001,The Great Kabab Factory,28.54335164509369,77.11928792159124,Indian Restaurant
729,Rangpuri,28.540007199999998,77.11977540000001,Neung Roi,28.543947359568023,77.11985867355867,Thai Restaurant
730,Rangpuri,28.540007199999998,77.11977540000001,NYC,28.543525346662825,77.11950012351397,American Restaurant
731,Rangpuri,28.540007199999998,77.11977540000001,Zaika's Corner,28.543633224950852,77.11858057380029,Indian Restaurant
732,Sarojini Nagar,28.574157500000002,77.1953703,Domino's Pizza,28.576,77.195,Pizza Place
733,Sarojini Nagar,28.574157500000002,77.1953703,McDonald's,28.57651519110731,77.19609978713844,Fast Food Restaurant
734,Sarojini Nagar,28.574157500000002,77.1953703,Haldiram's,28.576374358811357,77.19526594231465,Indian Restaurant
735,Sarojini Nagar,28.574157500000002,77.1953703,McDonald's,28.575959621653755,77.19520136827462,Fast Food Restaurant
736,Sarojini Nagar,28.574157500000002,77.1953703,Rdbd Rang de Basanti Dhaba,28.576552126905252,77.19525190451647,Indian Restaurant
737,Sarojini Nagar,28.574157500000002,77.1953703,Rang De Basanti Dhaba,28.576022679658717,77.1950497594198,Indian Restaurant
738,Sarojini Nagar,28.574157500000002,77.1953703,Bakes & Byte,28.576560287873274,77.19750916800878,Restaurant
739,Sarojini Nagar,28.574157500000002,77.1953703,Amar Jyoti Restaurant,28.577417293433125,77.19666129546995,Indian Restaurant
740,Sarojini Nagar,28.574157500000002,77.1953703,Kulcha King,28.569892111732102,77.1943254033259,Fast Food Restaurant
741,Vasant Kunj,28.5292495,77.1541335,The Biker's Cafe,28.529229426074412,77.1555013125738,Café
742,Vasant Kunj,28.5292495,77.1541335,Domino's Pizza,28.525263341883353,77.15648428627065,Pizza Place
743,Vasant Kunj,28.5292495,77.1541335,Sagar ratna,28.52522464043285,77.15564847829405,Vegetarian / Vegan Restaurant
744,Vasant Kunj,28.5292495,77.1541335,Angels In My Kitchen,28.531185007183794,77.15382970000367,Bakery
745,Vasant Kunj,28.5292495,77.1541335,"Nirulas B-10, Market Vasant Kunj",28.53127616657988,77.15378811053502,Burger Joint
746,Vasant Kunj,28.5292495,77.1541335,Chick N Fish,28.532335798329292,77.15128847644236,Indian Restaurant
747,Vasant Kunj,28.5292495,77.1541335,Nirula's,28.532361759103644,77.15127193685483,Fast Food Restaurant
748,Vasant Kunj,28.5292495,77.1541335,Auma,28.532617662909107,77.15135073384891,Thai Restaurant
749,Vasant Vihar,28.56069055,77.16079073168571,Sartoria,28.558936931298675,77.16418175670036,Italian Restaurant
750,Vasant Vihar,28.56069055,77.16079073168571,Yo! China,28.557967463265673,77.16426958310775,Chinese Restaurant
751,Vasant Vihar,28.56069055,77.16079073168571,McDonald's,28.557372192605847,77.16352104853003,Fast Food Restaurant
752,Vasant Vihar,28.56069055,77.16079073168571,KFC,28.55747664357695,77.16408898760389,Fast Food Restaurant
753,Vasant Vihar,28.56069055,77.16079073168571,Dunkin',28.557533257995065,77.16416294618206,Donut Shop
754,Vasant Vihar,28.56069055,77.16079073168571,Kylin,28.561145314865772,77.1575595297581,Asian Restaurant
755,Vasant Vihar,28.56069055,77.16079073168571,Barista Lavazza,28.559193975714376,77.1638535218248,Café
756,Vasant Vihar,28.56069055,77.16079073168571,The Asia Kitchen,28.558754559236927,77.164036594055,Chinese Restaurant
757,Vasant Vihar,28.56069055,77.16079073168571,Nirula's,28.558970619906066,77.16386475506732,Fast Food Restaurant
758,Vasant Vihar,28.56069055,77.16079073168571,Leo’s,28.558734,77.163699,Pizza Place
759,Vasant Vihar,28.56069055,77.16079073168571,"New CCD,Priya complex",28.558828516131314,77.16390407140779,Café
760,Vasant Vihar,28.56069055,77.16079073168571,Barrels,28.55771890323536,77.164297234098,Restaurant
761,Vasant Vihar,28.56069055,77.16079073168571,Pizza Hut,28.557583100925026,77.16407127370172,Pizza Place
762,Vasant Vihar,28.56069055,77.16079073168571,Soi Thai,28.557990135721834,77.1638535218248,Thai Restaurant
763,Vasant Vihar,28.56069055,77.16079073168571,krips,28.55735969543457,77.1640625,Indian Restaurant
764,Bali Nagar,28.654138399999997,77.128178,Papa John's,28.654916949233915,77.12513747868337,Pizza Place
765,Bali Nagar,28.654138399999997,77.128178,Bikanerwala,28.651402872288553,77.12908156191492,Indian Restaurant
766,Bali Nagar,28.654138399999997,77.128178,Crazy Cow,28.651408008972318,77.12991696975273,Chinese Restaurant
767,Bali Nagar,28.654138399999997,77.128178,Domino's Pizza,28.651402872288546,77.12992429786689,Pizza Place
768,Dhaula Kuan,28.5918905,77.16170340000001,Burger King Drive THRU,28.591651,77.162309,Burger Joint
769,Dhaula Kuan,28.5918905,77.16170340000001,Khan Chacha Airport Express,28.592132,77.162028,Food Court
770,Dhaula Kuan,28.5918905,77.16170340000001,China Bowl,28.58980035084828,77.1623988079583,Chinese Restaurant
771,Dhaula Kuan,28.5918905,77.16170340000001,the Hangout Cafe,28.592620581444525,77.15900066189221,Bakery
772,Fateh Nagar,28.631615399999998,77.10087759999999,Manjeet Chicken,28.631451808276633,77.09793841882282,Fried Chicken Joint
773,Fateh Nagar,28.631615399999998,77.10087759999999,Om Sweets,28.62791929282436,77.10020022282467,Indian Restaurant
774,Fateh Nagar,28.631615399999998,77.10087759999999,Domino's Pizza,28.628443662933357,77.09825457146016,Pizza Place
775,Fateh Nagar,28.631615399999998,77.10087759999999,Om Sweets,28.62845757277508,77.09827869579124,Indian Restaurant
776,Fateh Nagar,28.631615399999998,77.10087759999999,Virsa,28.63131406676143,77.09829515823344,Food Court
777,Fateh Nagar,28.631615399999998,77.10087759999999,Bikanerwala,28.633523707826647,77.09749153784385,Fast Food Restaurant
778,Fateh Nagar,28.631615399999998,77.10087759999999,Kadimi,28.62849270812976,77.09823099990575,Indian Sweet Shop
779,Fateh Nagar,28.631615399999998,77.10087759999999,Chawla Chicken,28.62848215517461,77.09827008569219,Punjabi Restaurant
780,Fateh Nagar,28.631615399999998,77.10087759999999,Polka Bakery,28.63041076153374,77.09632824561763,Bakery
781,Janakpuri,28.6219272,77.0874757,Cafe Coffee Day,28.62238761614666,77.08835348979761,Café
782,Janakpuri,28.6219272,77.0874757,Newyork Slice,28.62152372955583,77.0885780453682,Restaurant
783,Janakpuri,28.6219272,77.0874757,Ruchi's kitchen,28.623782940887686,77.08806124062288,Indian Restaurant
784,Janakpuri,28.6219272,77.0874757,Bikanerwala C1,28.621424,77.08348,Fast Food Restaurant
785,Janakpuri,28.6219272,77.0874757,Kulcha's,28.620378279853405,77.09203464447151,Indian Restaurant
786,Janakpuri,28.6219272,77.0874757,Bake Bikaner,28.619520427816656,77.08316034085577,Bakery
787,Kirti Nagar,28.652368100000004,77.1496416,Cafe Coffee Day,28.655175215810612,77.15101718902588,Café
788,Kirti Nagar,28.652368100000004,77.1496416,Subway,28.65670039993791,77.14867830276489,Sandwich Place
789,Kirti Nagar,28.652368100000004,77.1496416,"Cafe coffee day, kirti nagar",28.656146025032037,77.15022120097014,Café
790,Meera Bagh,28.658844000000002,77.09084750605241,Cafe Coffee Day,28.660197512159513,77.09163000398182,Café
791,Meera Bagh,28.658844000000002,77.09084750605241,Shree Rathnam,28.660518646240234,77.09140014648438,Indian Restaurant
792,Meera Bagh,28.658844000000002,77.09084750605241,Bake Hub,28.660988,77.08986,Bakery
793,Meera Bagh,28.658844000000002,77.09084750605241,The kitchen,28.662843704223633,77.0889892578125,Indian Restaurant
794,Moti Nagar,28.657859000000002,77.14242879999999,Dunkin',28.65707193648531,77.14668788925331,Donut Shop
795,Moti Nagar,28.657859000000002,77.14242879999999,KFC,28.657266855570242,77.14668227182223,Fast Food Restaurant
796,Moti Nagar,28.657859000000002,77.14242879999999,moti nagar,28.658681419421583,77.14472738973551,Fried Chicken Joint
797,Moti Nagar,28.657859000000002,77.14242879999999,Costa Coffee,28.65685207364021,77.14649689644789,Café
798,Moti Nagar,28.657859000000002,77.14242879999999,"Karim's, Moments Mall",28.65667799990525,77.1464912790078,Asian Restaurant
799,Moti Nagar,28.657859000000002,77.14242879999999,DEL15 Food Court,28.656963348388672,77.1467056274414,Cafeteria
800,Paschim Vihar,28.6695782,77.095956,Wah Ji Wah,28.668480129027856,77.09151198358214,BBQ Joint
801,Paschim Vihar,28.6695782,77.095956,tea lounge,28.667545318603516,77.09148406982422,Café
802,Patel Nagar,28.6598088,77.15695699999999,Cafe Coffee Day,28.662752421383587,77.15463067200761,Café
803,Punjabi Bagh,28.668945,77.13246140000001,Subway,28.670817495742675,77.1340704721884,Sandwich Place
804,Punjabi Bagh,28.668945,77.13246140000001,McDonald's,28.670275679120355,77.13313038564051,Fast Food Restaurant
805,Punjabi Bagh,28.668945,77.13246140000001,McDonald's,28.66655344978328,77.13485699308306,Fast Food Restaurant
806,Punjabi Bagh,28.668945,77.13246140000001,Domino's Pizza,28.673,77.134,Pizza Place
807,Punjabi Bagh,28.668945,77.13246140000001,KFC,28.670582562075477,77.13273337478073,Fast Food Restaurant
808,Punjabi Bagh,28.668945,77.13246140000001,Gupta Chat Corner,28.670314660143898,77.13268281198002,Breakfast Spot
809,Punjabi Bagh,28.668945,77.13246140000001,Gola Bakers,28.670270557728465,77.13343001563389,Bakery
810,Punjabi Bagh,28.668945,77.13246140000001,Breads and more,28.670745377557495,77.13419406867202,Bakery
811,Rajouri Garden,28.642151799999997,77.11606037769259,Pirates of The Grill,28.64437068780949,77.11167380352475,BBQ Joint
812,Rajouri Garden,28.642151799999997,77.11606037769259,sardar ji malai chaap wale,28.642816557335692,77.11379891961627,Indian Restaurant
813,Rajouri Garden,28.642151799999997,77.11606037769259,Street food near Cyber Park,28.642842383426053,77.11373149186973,Food Truck
814,Rajouri Garden,28.642151799999997,77.11606037769259,Gulati Bakers,28.642845551252723,77.11368443285333,Bakery
815,Shivaji Place,28.651657,77.1217027,T.G.I. Friday's,28.65309349836605,77.12315466196104,American Restaurant
816,Shivaji Place,28.651657,77.1217027,McDonald's,28.649892855335075,77.12079131649215,Fast Food Restaurant
817,Shivaji Place,28.651657,77.1217027,Bikanerwala,28.648670512180882,77.12272854612813,Indian Restaurant
818,Shivaji Place,28.651657,77.1217027,Cafe Coffee day,28.650191530337402,77.12334869290608,Café
819,Shivaji Place,28.651657,77.1217027,The California Boulevard,28.647734971643725,77.12004976458275,Diner
820,Shivaji Place,28.651657,77.1217027,AMPM Cafè and Bar,28.647697136503293,77.1199503622103,Café
821,Shivaji Place,28.651657,77.1217027,Cafe Coffee Day,28.649834123094454,77.12154099560865,Café
822,Shivaji Place,28.651657,77.1217027,Domino's Pizza,28.65,77.124,Pizza Place
823,Shivaji Place,28.651657,77.1217027,Pind Balluchi,28.647641867628284,77.12035608652683,Indian Restaurant
824,Shivaji Place,28.651657,77.1217027,McDonald's,28.649929761886597,77.1209442615509,Fast Food Restaurant
825,Shivaji Place,28.651657,77.1217027,"Kfc, Rajouri Garden",28.650037822309894,77.12398569193971,Fast Food Restaurant
826,Shivaji Place,28.651657,77.1217027,Pinch Of Spice,28.652206325615875,77.12056959577622,Restaurant
827,Shivaji Place,28.651657,77.1217027,Subway,28.650955606673925,77.12021000103138,Fast Food Restaurant
828,Shivaji Place,28.651657,77.1217027,Burger King,28.650897815089294,77.1207064421409,Fast Food Restaurant
829,Shivaji Place,28.651657,77.1217027,Sufiaana,28.650271,77.120468,Middle Eastern Restaurant
830,Shivaji Place,28.651657,77.1217027,Not Just Paranthas,28.649761575550812,77.12162589908834,Indian Restaurant
831,Shivaji Place,28.651657,77.1217027,Papa John's,28.653122772524192,77.12316513061523,Pizza Place
832,Shivaji Place,28.651657,77.1217027,Cafe Cruise,28.65014685124237,77.12347440743972,Café
833,Shivaji Place,28.651657,77.1217027,KFC Citysquare Mall,28.64974276155106,77.12401940292884,Restaurant
834,Shivaji Place,28.651657,77.1217027,Imly,28.653025,77.11886,Indian Restaurant
835,Shivaji Place,28.651657,77.1217027,prem di hatti,28.64845048331112,77.12141590331996,Fast Food Restaurant
836,Shivaji Place,28.651657,77.1217027,Standard Snacks & Sweets,28.64927814895436,77.12552515075028,Snack Place
837,Shivaji Place,28.651657,77.1217027,The Royal Turban,28.647676837486873,77.11968184429045,Indian Restaurant
838,Shivaji Place,28.651657,77.1217027,The Post Office Cafe,28.647604642860976,77.11976612477778,Café
839,Shivaji Place,28.651657,77.1217027,Priviledge punjab,28.648032499115985,77.1203284253283,Indian Restaurant
840,Tilak Nagar,28.63964975,77.0940394634643,McDonald's,28.639403011012075,77.09650245920618,Fast Food Restaurant
841,Tilak Nagar,28.63964975,77.0940394634643,McDonald's,28.63625993641573,77.09710377503137,Fast Food Restaurant
842,Tilak Nagar,28.63964975,77.0940394634643,Pravin Chat Bhandar,28.637267005779474,77.09694642164858,Fast Food Restaurant
843,Tilak Nagar,28.63964975,77.0940394634643,McDonald's,28.636470794677734,77.09716033935547,Restaurant
844,Tilak Nagar,28.63964975,77.0940394634643,CCD tilak nagar,28.636264078723084,77.09704757741835,Café
845,Vikaspuri,28.63841905,77.0708361468549,Domino's Pizza,28.638,77.075,Pizza Place
846,Vikaspuri,28.63841905,77.0708361468549,McDonald's,28.639752196750074,77.07519033178973,Fast Food Restaurant
847,Vikaspuri,28.63841905,77.0708361468549,Asian Garden,28.6396610957567,77.07448211079559,Indian Restaurant
848,Vikaspuri,28.63841905,77.0708361468549,Mela,28.635672051800622,77.06723665822243,Indian Restaurant
